id,created_at,fav,rt,text,media1,media2,media3,media4,compound,neg,neu,pos
,2018-05-22T13:03:54,2,0,"@magathemaga1 @VisioDeiFromLA @JW1057 @HotPokerPrinces @Neilin1Neil @Norasmith1000 
@sigi_hill @SKOLBLUE1 @YearOfZero @Avenge_mypeople 
@RadioFreeAllman @JohnLamping @jrosenbaum @Hope4Hopeless1 @blackwidow07",,,,,0,0,1,0
,2018-05-22T12:56:30,4,1,"The money flows through these PAC Groups
Congratulations you bought &amp; paid for puppets 
#moleg https://t.co/WbsmT81Rh8",,,,,0.5994,0,0.794,0.206
,2018-05-22T12:51:14,0,0,@ResignNowKim @ksdknews @SheenaGreitens @jeanpetersbaker More wasted tax dollars,,,,,-0.5413,0.333,0.667,0
,2018-05-22T12:45:21,14,10,"ITS NOT OK FOR YOU TO MAKE YOUR DONORS MILLIONAIRES!     
 
Todd Richardson 
Caleb Rowdan 
Shamed Dogan
Nicholas Schroer 
Elijah Haahr 
Jamilah Nasheed 
Eric Schmitt 
Doug Libla 
kathie Conway
Jeanie Lauer 
Rep. J. Eggleston
Rep. Curtis Trent
 
 #Greitens #LIHTC #WitchHunt #moleg https://t.co/ywvOqNn25C",,,,,-0.2404,0.085,0.851,0.064
,2018-05-22T12:37:23,5,5,"@Sticknstones4 @HotPokerPrinces So Far MEC Filings show these Legislators took 
Low Income Housing Tax Credit  $ #Moleg 

Todd Richardson 
Caleb Rowdan 
Shamed Dogan
Nicholas Schroer 
Elijah Haahr 
jamilah Nasheed 
Eric Schmitt 
Doug Libla 
kathie Conway
Jeanie Lauer 
Rep. J. Eggleston
Rep. Curtis Trent",,,,,-0.4767,0.121,0.825,0.055
,2018-05-22T12:30:55,2,2,@ksdknews Can not testify to a phone !   Kim Gardner should have stopped right there .   There is nothing but wasted take dollars,,,,,0.508,0.063,0.776,0.161
,2018-05-22T12:22:51,0,4,RT @Norasmith1000: @VisioDeiFromLA She said her memory of seeing a phone wasn't strong enough to actually testify to it?! If she told Gardn‚Ä¶,,,,,-0.4577,0.125,0.875,0
,2018-05-22T12:22:10,0,17,"RT @magathemaga1: The problem is the house lied. 

They can‚Äôt establish credibility as THEY NEVER EVEN CROSS EXAMINED THE WITNESS 

House t‚Ä¶",,,,,-0.6486,0.209,0.791,0
,2018-05-22T12:20:53,9,7,"This is not a woman that was sexually assaulted !  This was a consensual affair
Brought to light by political operatives that could not control the governor!

The special interests have no regard for people only their profits  $$$

LIHTC are Corrupt Greedy Evil

#greitens #moleg https://t.co/ur0Km4kanx",,,,,-0.7418,0.224,0.644,0.132
,2018-05-22T12:14:56,0,33,RT @robert_enna: What a waste of my taxpayer dollars. I won‚Äôt forget republican turncoats either. If you didn‚Äôt support the gov then you wo‚Ä¶,,,,,-0.25,0.178,0.72,0.102
,2018-05-22T12:14:22,0,14,"RT @Sticknstones4: Hmmm Lots of Legislators took money from 
Low Income Housing Tax Credit Pac

Now they want to Impeach the Governor for s‚Ä¶",,,,,0.2023,0.078,0.778,0.144
,2018-05-22T01:19:36,0,9,"RT @HotPokerPrinces: Let‚Äôs Play  
Is Your Legislator a Swamp Creature üßü‚Äç‚ôÇÔ∏èüßü‚Äç‚ôÄÔ∏è

Go to https://t.co/RcPJFwdEMZ   Search candidates reports‚Ä¶",,,,,0.34,0,0.862,0.138
,2018-05-20T16:58:28,0,0,@FOX2now https://t.co/PvhfAPCkYj,,,,,0,0,1,0
,2018-05-20T16:05:22,11,10,$.58 of every LIHTC was squandered away for decades.  Scamming taxpayers out 1.5 Billion Dollars.  Greitens stopped the scam&amp; stood up to the corruption.  Where was #Moleg ‚Äòs Moral Turpitude while taxpayers were getting screwed &amp; LIHTC industry was profitting off our backs ? https://t.co/iCoc3hjMmg,,,,,-0.6486,0.133,0.867,0
,2018-05-20T13:26:41,3,2,"Mike Parsons works for Lobbyists , Not for People 
He‚Äôs a Good Ole Do Boy
He will Do the will of the Lobbyists &amp; Speical Interests
They Pay &amp; He Say . Stop the swamp Pay-n-Say Do Boys

#Moleg #Parsons #Greitens #missouri #MoGov #MoSen #jeffersoncitycorruption #WitchHunt #MoGop https://t.co/e7N5bjVy2z",,,,,0.3182,0.073,0.828,0.099
,2018-05-20T13:03:19,0,8,RT @SKOLBLUE1: Just like #TRUMP @chuckwoolery be an advocate for our Navy Seal Governor #Greitens ! Trying to #DrainTheSwamp but yet these‚Ä¶,,,,,0.2598,0,0.907,0.093
,2018-05-20T13:00:08,0,8,"RT @HotPokerPrinces: What has come out of the baseless Greitens Witch Hunt?

Woke Voters !  #Moleg  We see Your corrupt ways 

#missouri #g‚Ä¶",,,,,-0.4199,0.117,0.883,0
,2018-05-20T12:58:31,0,9,"RT @magathemaga1: Thanks for pointing this out John. @RepEngler are you ok with #StarChamberBarnes latest motion to not:

üëâNot Allow #Greit‚Ä¶",,,,,0.5321,0.067,0.727,0.206
,2018-05-20T12:58:00,0,5,"RT @JohnLamping: Difference is Parson will will do what he's told by lobbyist (sign), Eric is a fiscal conservative. https://t.co/ijXgliNhQC",,,,,0,0,1,0
,2018-05-20T12:56:26,0,7,"RT @HotPokerPrinces: OH Really ?   She had No evidence !  Stop the impeachment 
  #kimshady #greitens #moleg #stl #missouri 

Former employ‚Ä¶",,,,,-0.6067,0.236,0.764,0
,2018-05-20T12:55:57,0,22,RT @magathemaga1: HR 2 is basically a fail safe that Jay Barnes and his star chamber concocted because the criminal proceedings turned out‚Ä¶,,,,,-0.6124,0.248,0.647,0.104
,2018-05-20T12:55:46,0,27,"RT @magathemaga1: What is HR 2?

It does the following:

üëâPrevents @EricGreitens team from cross examine witnesses 

üëâPrevents #Greitens fr‚Ä¶",,,,,0,0,1,0
,2018-05-20T12:54:08,0,11,RT @tkinder: Live from the #moleg - We didn‚Äôt like the result of the last election so let‚Äôs undo it. Not so fast Swampy McSwampthing... htt‚Ä¶,,,,,0.3612,0,0.906,0.094
,2018-05-20T12:53:23,0,5,"RT @Sticknstones4: Why doesn‚Äôt #moleg want to get to the bottom of the 120K?

Yeah NO , we Demand to know who is buying your votes ! 

#gre‚Ä¶",,,,,-0.3016,0.156,0.728,0.116
,2018-05-20T12:27:56,1,0,@JW1057 @velvethammer @Change  https://t.co/QZnjF0XG8Y,,,,,0,0,1,0
,2018-05-20T12:25:20,0,3,"RT @JW1057: @RealJamesWoods Support Gov. Eric Greitens by signing and sharing these two petitions. 

(1) Oppose impeachment and/or censure.‚Ä¶",,,,,0.6705,0,0.756,0.244
,2018-05-20T12:25:09,0,28,"RT @YearOfZero: Support Gov. Eric Greitens by signing and sharing these two petitions. 

(1) Oppose impeachment and/or censure.  
https://t‚Ä¶",,,,,0.6705,0,0.756,0.244
,2018-05-20T12:24:38,0,2,RT @JW1057: @Rep_TRichardson @mikeparson @Mikelkehoe https://t.co/sl9Pv5uk64,,,,,0,0,1,0
,2018-05-20T12:24:17,0,4,"RT @ResignNowKim: So @mikeparson , have you ever leveraged your political position for personal gain? There are rumors you had, as a senato‚Ä¶",,,,,0.5267,0,0.855,0.145
,2018-05-20T12:24:03,2,1,"Mike Parsons will be the Lobbyists DO BOY
That‚Äôs exactly what Lobbysists want!  Do This. https://t.co/dOxs3DSZfD",,,,,0.1511,0,0.904,0.096
,2018-05-20T12:21:12,0,0,No Thanks on Mike Parsons &amp; Mike Kehoe https://t.co/hrmwjAtapG,,,,,0.1779,0.182,0.579,0.24
,2018-05-20T12:18:41,0,11,"RT @JW1057: This petition deals exclusively with HR 2 and rules going forward. We only have a couple days to make a difference, so please s‚Ä¶",,,,,0.4572,0,0.88,0.12
,2018-05-18T17:03:24,11,6,Missouri House of Representatives: Urgent! Stop the Coup Against Gov. Eric Greitens - Sign the Petition! https://t.co/DSnMStK1Cj via @Change,,,,,-0.2462,0.135,0.777,0.087
,2018-05-18T00:56:12,0,0,"Greitens is stopping the scam on low income housing tax credits  #donnybrook

https://t.co/vPn5bFUtRN",,,,,-0.5994,0.392,0.476,0.132
,2018-05-18T00:51:17,3,1,"#donnybrookstl.
Fun facts taxpayers will be paying liar William Tisabys attorney‚Äôs fee

Why did tax payers pay for Ronald Sullivan who could of tried the case for prosecution.?

There was No case  Kim gardener wasnt going to take the stand to commit perjury or plea the 5th",,,,,-0.5106,0.174,0.728,0.098
,2018-05-18T00:40:39,0,0,#donnybrookstl https://t.co/ddw0BDmRSV,,,,,0,0,1,0
,2018-05-18T00:35:54,0,0,"#DonnyBrookSTL. Kim Gardner is playing the race card 

https://t.co/T9Cu3lu11R",,,,,0.2023,0,0.816,0.184
,2018-05-18T00:30:38,1,0,"16,000 photos examined , no photo of woman found! No evidence of delete , No evidence of transmission to the cloud .  THERE WAS NO CASE , THERE WILL BE NO CASE 
Kim Gardner was so sloppy , judge Burlison advises her of her right to have an attorney 
#DonnyBrookSTL",,,,,-0.8947,0.242,0.758,0
,2018-05-18T00:22:34,0,0,"Wrong democrats took campaign contributions for LIHTC
Low income housing tax credits have benefited Bi Partisan 

Check out Stacey Newman‚Äôs stepson 

#donnybrookstl https://t.co/aEEJ8MsgZT",,,,,-0.4019,0.188,0.722,0.09
,2018-05-18T00:14:47,0,0,"#DonnyBrookstl 
 
Scott Faughn Is Evading a supoena https://t.co/oQmQRL8pBW",,,,,0,0,1,0
,2018-05-18T00:11:15,0,0,"#donnyrookstl 
Follow the money ! https://t.co/et3FperS0j",,,,,0,0,1,0
,2018-05-18T00:09:01,1,0,"Oh come on  #donnybrookstl 
You need to acknowledge the low income housing tax credits behind this .. follow the money

There was no evidence , no picture !  How much more money does St. Louis need to waste on Kim Gardner‚Äôs fruitless ambition , she needs to worry abou crime",,,,,-0.9098,0.273,0.684,0.043
,2018-05-17T23:09:48,0,0,@columbiatribune https://t.co/H4tOdB8rpd,,,,,0,0,1,0
,2018-05-17T23:06:21,0,0,@APCentralRegion https://t.co/H4tOdB8rpd,,,,,0,0,1,0
,2018-05-17T22:59:20,0,4,RT @FOX2now: Greitens‚Äô attorney says it‚Äôs an honor to be accused of ‚Äúscorched earth‚Äù strategy https://t.co/gboK0GnJHs https://t.co/7GloCfTd‚Ä¶,,,,,0.25,0.108,0.735,0.157
,2018-05-17T22:56:48,0,0,"@APCentralRegion Public defenders are pissed at her too can‚Äôt blame greitens 
https://t.co/EE47wk4Tll",,,,,-0.743,0.391,0.533,0.077
,2018-05-17T22:53:41,0,0,"@APCentralRegion Can‚Äôt blame greitens for this 

Check this out: https://t.co/8vE96EBICp via @AddThis",,,,,-0.34,0.179,0.821,0
,2018-05-17T22:47:55,0,454,RT @AP: President Trump is donating his first quarter salary to the Department of Veterans Affairs. https://t.co/sph21uOIpi,,,,,0,0,1,0
,2018-05-17T21:05:20,0,0,@latimes Missouri House of Representatives: Urgent! Stop the Coup Against Gov. Eric Greitens - Sign the Petition! https://t.co/DSnMStK1Cj via @Change,,,,,-0.2462,0.129,0.788,0.083
,2018-05-17T21:01:54,0,0,#donnybrookstl   The La Times Is Following the money https://t.co/RebYqk7ekC,,,,,0,0,1,0
,2018-05-17T19:33:47,1,0,@melody_grover Missouri House of Representatives: Urgent! Stop the Coup Against Gov. Eric Greitens - Sign the Petition! https://t.co/DSnMStK1Cj via @Change,,,,,-0.2462,0.129,0.788,0.083
,2018-05-17T19:31:58,0,0,@stltoday Missouri House of Representatives: Urgent! Stop the Coup Against Gov. Eric Greitens - Sign the Petition! https://t.co/DSnMStK1Cj via @Change,,,,,-0.2462,0.129,0.788,0.083
,2018-05-17T19:29:09,0,0,"#donnybrookstl
Suspects in more than 100 car break-ins released on bail, angering St. Louis alderman https://t.co/r64KkYZNiz via @stltoday",,,,,-0.6808,0.259,0.741,0
,2018-05-17T19:27:51,0,0,"@JasonGCrowell @FOX2now Sign up he petition 
Missouri House of Representatives: Urgent! Stop the Coup Against Gov. Eric Greitens - Sign the Petition! https://t.co/DSnMStK1Cj via @Change",,,,,-0.2462,0.105,0.828,0.068
,2018-05-17T19:27:16,0,0,@jmannies @EricGreitens Missouri House of Representatives: Urgent! Stop the Coup Against Gov. Eric Greitens - Sign the Petition! https://t.co/DSnMStK1Cj via @Change,,,,,-0.2462,0.123,0.797,0.08
,2018-05-17T19:26:41,0,0,"@jrosenbaum Wrong !  It‚Äôs dead with a .60 cent per dollar profit 
LIHTC can exist with reform
The commission did A report to reform
Missouri House of Representatives: Urgent! Stop the Coup Against Gov. Eric Greitens - Sign the Petition! https://t.co/DSnMStK1Cj via @Change",,,,,-0.7767,0.213,0.691,0.096
,2018-05-17T19:23:58,0,0,@APCentralRegion Missouri House of Representatives: Urgent! Stop the Coup Against Gov. Eric Greitens - Sign the Petition! https://t.co/DSnMStK1Cj via @Change,,,,,-0.2462,0.129,0.788,0.083
,2018-05-17T19:23:49,0,0,"@KSNLocalNews Sign the petition 
Missouri House of Representatives: Urgent! Stop the Coup Against Gov. Eric Greitens - Sign the Petition! https://t.co/DSnMStK1Cj via @Change",,,,,-0.2462,0.113,0.814,0.073
,2018-05-17T19:22:28,0,0,"@StJosephPost Good ! Keep him in office
Missouri House of Representatives: Urgent! Stop the Coup Against Gov. Eric Greitens - Sign the Petition! https://t.co/DSnMStK1Cj via @Change",,,,,0.5229,0.076,0.73,0.194
,2018-05-17T19:21:34,0,0,@WashTimes Missouri House of Representatives: Urgent! Stop the Coup Against Gov. Eric Greitens - Sign the Petition! https://t.co/DSnMStK1Cj via @Change,,,,,-0.2462,0.129,0.788,0.083
,2018-05-17T19:19:30,0,0,"@RGreggKeller Dirtbags are the scam artists that ripped taxpayers off!
Politicians that allowed Low Income Housing Tax Credits to be Abused for decades 
Missouri House of Representatives: Urgent! Stop the Coup Against Gov. Eric Greitens - Sign the Petition! https://t.co/DSnMStK1Cj via @Change",,,,,-0.8349,0.237,0.68,0.084
,2018-05-17T19:16:47,0,0,@AbbyLlorico @ksdknews @stlcao @CaseyNolen Missouri House of Representatives: Urgent! Stop the Coup Against Gov. Eric Greitens - Sign the Petition! https://t.co/DSnMStK1Cj via @Change,,,,,-0.2462,0.113,0.814,0.073
,2018-05-17T19:11:25,0,0,@russellkinsaul @KMOV @GovGreitensMO Missouri House of Representatives: Urgent! Stop the Coup Against Gov. Eric Greitens - Sign the Petition! https://t.co/DSnMStK1Cj via @Change,,,,,-0.2462,0.118,0.806,0.076
,2018-05-17T19:09:17,1,0,"@KMOV Good we want him to stay in office !
Missouri House of Representatives: Urgent! Stop the Coup Against Gov. Eric Greitens - Sign the Petition! https://t.co/DSnMStK1Cj via @Change",,,,,0.5684,0.069,0.717,0.214
,2018-05-17T19:08:47,0,0,@KMOV Missouri House of Representatives: Urgent! Stop the Coup Against Gov. Eric Greitens - Sign the Petition! https://t.co/DSnMStK1Cj via @Change,,,,,-0.2462,0.129,0.788,0.083
,2018-05-17T19:07:35,0,0,@Philip_Joens Missouri House of Representatives: Urgent! Stop the Coup Against Gov. Eric Greitens - Sign the Petition! https://t.co/DSnMStK1Cj via @Change,,,,,-0.2462,0.129,0.788,0.083
,2018-05-17T19:07:07,0,0,@BryanLowry3 Missouri House of Representatives: Urgent! Stop the Coup Against Gov. Eric Greitens - Sign the Petition! https://t.co/DSnMStK1Cj via @Change,,,,,-0.2462,0.129,0.788,0.083
,2018-05-17T19:06:31,0,0,@jcavaiani @EricGreitens Missouri House of Representatives: Urgent! Stop the Coup Against Gov. Eric Greitens - Sign the Petition! https://t.co/DSnMStK1Cj via @Change,,,,,-0.2462,0.123,0.797,0.08
,2018-05-17T19:05:49,0,0,@JCunninghamMO Missouri House of Representatives: Urgent! Stop the Coup Against Gov. Eric Greitens - Sign the Petition! https://t.co/DSnMStK1Cj via @Change,,,,,-0.2462,0.129,0.788,0.083
,2018-05-17T19:05:14,0,0,"@columbiatribune Good we don‚Äôt want him to !
Missouri House of Representatives: Urgent! Stop the Coup Against Gov. Eric Greitens - Sign the Petition! https://t.co/DSnMStK1Cj via @Change",,,,,0.5684,0.073,0.698,0.229
,2018-05-17T18:01:19,0,0,"WHO LET THE THUGS OUT ?  KIM GARDNER DID ! 
#DONNYBROOKSTL

Check this out: https://t.co/8vE96Ek7KR via @AddThis",,,,,0,0,1,0
,2018-05-17T12:53:34,6,4,"#MoLeg Lawmakers are threatened if they try to cut off Low Income Housing Tax Credits- former Senator Jason Crowell 

This is Why the Witch Hunts are occurring to impeach Governor Greitens 

Jay Barnes &amp; Mike Parsons won‚Äôt talk !Who else took LIHTC contributions #DonnyBrookSTL https://t.co/AKuPao1Xxd",,,,,-0.7574,0.19,0.762,0.048
,2018-05-16T22:14:24,0,0,@JW1057 Interesting article!  Al Watkins &amp; phil shop the tapes to Roy Temple.   Temple declines because phil wouldn‚Äôt come forward. ( or pay ).  And kitty also cut Chris kosters hair,,,,,0.126,0.113,0.806,0.081
,2018-05-16T21:54:48,0,0,"If Al Watkins talked to the fbi in 2016 about Greitens , than why didn‚Äôt the FBI Press charges ?
Why didn‚Äôt watkins take PS&amp; KS to slmpd &amp; file a police report ? Why , because filing a Fake report is against the law &amp; he could be disbarred 
https://t.co/WhdNgN0ann",,,,,-0.6767,0.114,0.886,0
,2018-05-16T21:45:18,0,1,RT @Mizzourah_Mom: @MSTLGA That's why they want him gone. Lt. Gov. Parsons would allow the stealing from the MO poor to continue.,,,,,-0.6808,0.243,0.643,0.114
,2018-05-16T18:05:23,0,1,"RT @FOX2now: Greitens‚Äô lawyers want to publicly question former mistress, other witnesses https://t.co/Em89hTPnJd https://t.co/MWSsXJ9YAi",,,,,0.0772,0,0.909,0.091
,2018-05-16T13:01:46,7,5,"#Moleg stop screwing over the voters with your Corruption &amp; Greed 
Low Income Housing Tax Credits have been in need of reform for years!  Time for your to stop impeachment &amp; reform the program.  You‚Äôve divided the parties &amp; insulted voters. Leave #Greitens alone,voters want him https://t.co/uBiVqFj3CO",,,,,-0.8122,0.268,0.623,0.109
,2018-05-16T12:50:33,18,15,"Where can i find the auditors report on the Low Income Housing Tax Creidts ? 

Why did #Moleg allow years of inefficiency &amp; abuse ? 

only 40 cents of every dollar goes help peopl &amp; 60 cents was developers profits, Gives out 1.5 million 
 
#Greitens was the only 1 that stood up",,,,,0.1431,0.11,0.752,0.138
,2018-05-15T03:58:05,0,14,"RT @Sticknstones4: Many #Moleg Memebers let Missouri get ripped off for years

Governor Greitens put an end to it 

This is why they want t‚Ä¶",,,,,0.0772,0,0.949,0.051
,2018-05-15T03:55:09,0,9,RT @christoferguson: Kim Gardner screwed this case up bad. And she should feel bad. And so should citizens of #StL City  who are at risk of‚Ä¶,,,,,-0.9062,0.359,0.641,0
,2018-05-15T03:54:58,0,10,RT @Norasmith1000: @christoferguson What Greiten's lawyer said after court today needs to really wake people up...if she can get away with‚Ä¶,,,,,0,0,1,0
,2018-05-15T03:51:19,0,1,RT @FOX2now: Did the Circuit Attorney use funding to prosecute Gov. Greitens over other criminal cases? https://t.co/lXxC4nSEBo https://t.c‚Ä¶,,,,,-0.7269,0.276,0.724,0
,2018-05-15T03:50:29,1,0,@JohnLamping https://t.co/vPn5bFUtRN,,,,,0,0,1,0
,2018-05-15T03:47:46,0,25,RT @JCunninghamMO: A friend tweeted this: ‚ÄúIt‚Äôs a shame some in #MoLeg are letting their distaste for the Gov ‚Äòs actions cause them to take‚Ä¶,,,,,0.0258,0.114,0.769,0.117
,2018-05-15T03:47:16,0,4,RT @HennessySTL: Thank you Governor @EricGreitens for *living* Resilience right before our eyes. Great day for Justice. #mo,,,,,0.875,0,0.6,0.4
,2018-05-15T03:47:05,0,11,"RT @JohnLamping: This is a lobbyist lead effort and the lobbying part is over.  Promises have been made, deals have been cut (see next LtGo‚Ä¶",,,,,0.0516,0.126,0.778,0.096
,2018-05-14T13:47:40,1,0,"No wonder the city is in debt Frivalous Spending  Trials &amp; Toilets  #stl

This is what Democratic leadership gets YOU, a broke budget, a duct tape Rec Center &amp; a palatial Potty 

City spends $70K to fix up Mayor Krewson‚Äôs office ‚Äì https://t.co/OXNQT4Fkut https://t.co/QsSoARm7me",,,,,-0.7579,0.169,0.831,0
,2018-05-14T13:40:35,0,1,"RT @DeplorableGoldn: RT üö®
These rec centers are a sh*thole.  What the H*ll @LydaKrewson ?  There‚Äôs More duct tape in that rec center than i‚Ä¶",,,,,0,0,1,0
,2018-05-14T05:01:58,0,1,RT @SKOLBLUE1: YOU WILL SAVE A LIFE! PLEASE RT https://t.co/VWAytWS4AD,,,,,0.8052,0,0.491,0.509
,2018-05-14T04:46:56,0,0,"@FOX2now It‚Äôs a scam , clean Missouri is redistricting hidden within 
They want to re draw district to manipulate votes",,,,,-0.1779,0.163,0.661,0.176
,2018-05-14T04:44:49,0,0,"#donnybrookstl 

These rec centers should be a major priority 
No wonder Crime is on the rise 
It‚Äôs a duct tape center 

Stl let kim Gardner blow the budget https://t.co/S3A9LtcM3G",,,,,-0.6908,0.186,0.814,0
,2018-05-14T04:42:43,7,3,"These rec centers are a sh*thole.  What the Hell Lyda Krewson?  There‚Äôs More duct tape in that rec center than in Greitens Mistress Testimony 

You really screwed the community over letting Kim Gardner run amuck with frivolous spending 

Buy the kids new equipment  @LydaKrewson https://t.co/S3A9LtcM3G",,,,,-0.8439,0.162,0.838,0
,2018-05-12T23:38:31,3,0,"@ResignNowKim @JW1057 @stltoday @staceynewman @stlcao @kimgardner77th @EricGreitens @LydaKrewson The wasted money is crazy for a heresay zero evidence case 
But hey now Stl budget is blown &amp; crime is on stat to beat last year, priorities",,,,,-0.8442,0.221,0.779,0
,2018-05-12T23:24:40,5,1,His Advertisers Too https://t.co/THRCVjerXk,,,,,0,0,1,0
,2018-05-12T23:23:36,0,1,RT @TomJEstes: #winning #moleg https://t.co/5vp4VCFV2x,,,,,0,0,1,0
,2018-05-12T23:22:23,0,16,RT @TomJEstes: Superintendent openly endorses @clairecmc See #moleg ? These people aren‚Äôt on your side. We need to ignore the educrats and‚Ä¶,,,,,-0.0258,0.105,0.795,0.1
,2018-05-11T01:00:26,0,1,"RT @Lautergeist: Such BULLSHIT this #WitchHunt

#Greitens #GreitensTrial @EricGreitens 

#KimGardner #KimShady @stlcao #MoneyBagsAl #NoNote‚Ä¶",,,,,-0.6739,0.259,0.741,0
,2018-05-11T00:59:15,1,0,"@VisioDeiFromLA Wendy at #donnybrookstl does LOL i don‚Äôt know how 
She must be Scott Faughns puppet 
Maybe he left some cash 
Delivery man for Lobbyists https://t.co/nBLC7toaax",,,,,0.5473,0,0.872,0.128
,2018-05-11T00:55:17,0,0,"@ResignNowKim @Str8DonLemon @smart_hillbilly @grcfay @971FMTalk @fivenickel @RealTravisCook @Hope4Hopeless1 @RetNavy93 @SKOLBLUE1 @Norasmith1000 Bro i don‚Äôt want to see that crap in my feed 
That‚Äôs schanze   She needs #nosebynayak",,,,,-0.3182,0.093,0.86,0.047
,2018-05-11T00:52:13,1,0,"#donnybrookstl

Wendy what evidence ? There is no Photo

Not liking is person is not a reason to find them guilty",,,,,-0.3182,0.211,0.675,0.114
,2018-05-11T00:46:20,1,0,"#DONNYBROOKSTL

The phone they think the picture is on 
Why did Kim Gardener Supoena it THIS Monday 
1 week before trial 
Wouldn‚Äôt you think that would have been requested upfront.",,,,,0,0,1,0
,2018-05-11T00:37:51,0,10,"RT @VisioDeiFromLA: #DONNYBROOKSTL 

Please discuss #Missouri legislature Collusion 

Thank you https://t.co/6MPGUlAB58",,,,,0.5859,0,0.652,0.348
,2018-05-11T00:37:44,0,8,"RT @magathemaga1: #donnybrookstl #GreitensTrial

Can you please discuss this and why the media isnt covering this?

Thank you. https://t.co‚Ä¶",,,,,0.634,0,0.767,0.233
,2018-05-11T00:35:39,5,1,"#donnybrookSTL

Do you think it was Rex Sinquefield‚Äôs Cash ?
Scott Faughn Delivered https://t.co/Ho9yiRR3bN",,,,,0,0,1,0
,2018-05-11T00:30:23,1,0,"#donnybrookSTL

C‚Äômon Wendy there‚Äôs nothing credible about 
120k Cash anonymously delivered 

Scott Faughn delivered 70K of that 

It‚Äôs time to FOLLOW THE MONEY 

Missouri Collusion https://t.co/mEsw36cKgV",,,,,0,0,1,0
,2018-05-11T00:23:10,5,1,"Stacey newman Knew 

Collusion with Katrina Sneed, Kim Gardner, Mo House Dem Leadership

That‚Äôs a witch Hunt

#donnybrookSTL #GreitensCriminalTrial  #greitens
#GreitensTrial https://t.co/pdMu9PfRY1",,,,,-0.3612,0.111,0.889,0
,2018-05-11T00:21:08,3,0,"#donnybrookSTL #GreitensCriminalTrial  #greitens
#GreitensTrial 

CONSENSUAL SHE GAVE CONSENT https://t.co/lHkz3I5osl",,,,,0.3885,0,0.752,0.248
,2018-05-11T00:19:58,3,1,"Wendy this ones for you !
Nude photo Time Yes 
But an actual photo against her will NO 

#donnybrookSTL #GreitensCriminalTrial  #greitens
#GreitensTrial https://t.co/9sWh3tggtf",,,,,-0.1343,0.124,0.771,0.104
,2018-05-11T00:18:10,2,0,"#donnybrookSTL #GreitensCriminalTrial  #greitens
#GreitensTrial https://t.co/d7Y4I68RyI",,,,,0,0,1,0
,2018-05-11T00:17:35,2,0,"#donnybrookSTL #GreitensCriminalTrial  #greitens
#GreitensTrial 

Kim Gardner needs to resign ! https://t.co/b8TxsBYwgQ",,,,,-0.4003,0.23,0.77,0
,2018-05-11T00:16:34,1,0,"#donnybrookSTL #GreitensCriminalTrial  #greitens
#GreitensTrial https://t.co/bgptrdYc34",,,,,0,0,1,0
,2018-05-11T00:16:06,1,0,"#donnybrookSTL #GreitensCriminalTrial  #greitens
#GreitensTrial https://t.co/IoH3X3X02L",,,,,0,0,1,0
,2018-05-11T00:15:33,1,0,"#donnybrookSTL #GreitensCriminalTrial  #greitens
#GreitensTrial https://t.co/OX3ynmF0NB",,,,,0,0,1,0
,2018-05-10T16:57:43,0,4,RT @MariaChappelleN: @lindsaywise I'm not a bot. Scott Faughn is horse shit &amp; a fake journalist! He's negatively influenced legislation pre‚Ä¶,,,,,-0.7901,0.291,0.709,0
,2018-05-10T16:56:43,9,8,"@RonFRichard You‚Äôre derelict of your duty 

The governor can sign passed bills into law 

Stop screwing Missouri Voters with your  personal

Vendetta 

Stop your corrupt poltical games 

You were elected to work not Play 

#Moleg  #Greitens https://t.co/VD9yzXql0x",,,,,-0.7458,0.202,0.798,0
,2018-05-10T16:51:57,0,1,"RT @Sticknstones4: @RonFRichard  @Rep_TRichardson 
Stop being Jackasses to the People of Missouri 

You‚Äôre Holding 30 Bills of passesd Legi‚Ä¶",,,,,-0.7184,0.261,0.739,0
,2018-05-10T16:51:31,0,3,"RT @Sticknstones4: @ksdknews I wish the judge would enforce the rules on the Prosecutor 
Kim Gardner.  Sanctions Must be issued for the Pro‚Ä¶",,,,,0.4019,0,0.886,0.114
,2018-05-10T16:50:21,0,3,"RT @Lautergeist: What's the source of the $50k CASH @scottfaughn paid to #MoneybagsAl Watkins, attorney for #PhilipSneed aka #MoonValjean @‚Ä¶",,,,,0,0,1,0
,2018-05-10T16:43:49,0,21,"RT @magathemaga1: Good Morning #MoLeg

We need to talk

We still dont know where Scott Faughn is

We still dont know where the money came f‚Ä¶",,,,,0.4404,0,0.896,0.104
,2018-05-10T16:43:29,12,10,"FOLLOW THE MONEY

Who was the source of the 120K Cash ?

#Moleg #MoGov #Greitens https://t.co/d1nMvvWoBc",,,,,0,0,1,0
,2018-05-10T16:38:45,0,0,This no picture case should be a bench trial https://t.co/op74Ju7Nay,,,,,-0.296,0.216,0.784,0
,2018-05-08T18:37:27,0,11,"RT @Sticknstones4: #KimShady is really Shady and this one Has nothing to do with Eric Greitens

We saw the carnage of Stockley, We‚Äôre livin‚Ä¶",,,,,0,0,1,0
,2018-05-08T18:36:37,0,2,RT @ResignNowKim: @kmoxnews @KimGardnerSTL @KMOXKilleen #moleg #mogov @staceynewman @johnrhancock @mskstl @jaybarnes5 @tonymess @EricGreite‚Ä¶,,,,,0,0,1,0
,2018-05-08T18:35:16,17,13,"Simply Outrageous Behavior 
Not Shocking Though
This is what the Far Left has Resulted too 
Sumbodybetter start to investigate the DemHouse Leadership Pronto.

Where‚Äôs @AGJoshHawley

 #moleg #staceynewman #greitens #kimshady #JoshHawley #missouri #Stlcards  #stl #lockherup https://t.co/KgCQWx5qFc",,,,,-0.6908,0.147,0.853,0
,2018-05-08T18:22:35,0,12,"RT @HotPokerPrinces: The Only Thing Greitens &amp; Schneiderman have in common is the fact they both have the same 1st name Eric

Let‚Äôs Review‚Ä¶",,,,,0,0,1,0
,2018-05-08T18:22:10,0,24,"RT @magathemaga1: ATTENTION #moleg 

Has anybody seen Scott Faughn?

Is anybody asking:

‚úîWhere his money came from?
‚úîWhat was it for?
‚úîWhy‚Ä¶",,,,,0,0,1,0
,2018-05-08T01:43:20,0,6,"RT @Sticknstones4: How Many 

Feel Lied To by the Media  ?

Feel Betrayed By #Moleg House Investigative Committee ?   üôã‚Äç‚ôÇÔ∏èüôãüèΩ‚Äç‚ôÄÔ∏èüôã‚Äç‚ôÇÔ∏èüôãüèª‚Äç‚ôÇÔ∏è‚Ä¶",,,,,-0.7882,0.303,0.697,0
,2018-05-08T01:43:14,0,10,"RT @Sticknstones4: 8)  NO COERCION  üëáüëáüëá

Katrina testified to giving Consent 
The behind closed door üö™ house committee lead a series of que‚Ä¶",,,,,0.5052,0.108,0.627,0.265
,2018-05-08T01:43:11,0,10,"RT @Sticknstones4: 6 &amp; 7     THE BARE NAKED TRUTH  üëáüëáüëá

6 ) NO PHOTO &amp; NO WITNESS TO TESTIFY THEY EVER SAW SUCH PHOTO 

7) KATRINA NAKED FA‚Ä¶",,,,,-0.4278,0.196,0.702,0.101
,2018-05-08T01:43:07,0,2,"RT @Sticknstones4: 5) Katrina can not testify to in both the house committee and in deposition  the following 
üëáüëáüëá https://t.co/js9qhzf3Zq",,,,,0,0,1,0
,2018-05-08T01:43:04,0,7,"RT @Sticknstones4: 4) The Proscutor Kim Gardner has repeatedly lied 
Judge Rex Burlison says the case reeks of sanctions 
üëáüëáüëá https://t.co/‚Ä¶",,,,,-0.3818,0.115,0.885,0
,2018-05-08T01:43:00,0,5,"RT @Sticknstones4: 3) constitutually unable to present Evidence

* He did say he would speak to committee after criminal case was over   üëáüëá‚Ä¶",,,,,-0.5267,0.139,0.861,0
,2018-05-08T01:42:56,0,4,RT @Sticknstones4: 2) consensual üëáüëáüëá https://t.co/cxINmWMs65,,,,,0,0,1,0
,2018-05-08T01:42:42,0,13,"RT @Sticknstones4: Greitens Felony Invasion of Privacy Case  

Thread Time 

Follow Along  

See What the Media Isn‚Äôt Telling Youüëáüëáüëá https:‚Ä¶",,,,,-0.5423,0.156,0.844,0
,2018-05-08T01:41:19,0,1,RT @dsm012: @Sticknstones4 .@threadreaderapp please unroll,,,,,0.3182,0,0.685,0.315
,2018-05-08T01:32:11,12,9,"Fake News Missouri Times
Stories Pimped to You and 
Paid For by Lobbyists &amp; special interests groups 
Bought Narratives are not News. #moleg https://t.co/ZouzomHybE",,,,,0.1531,0.108,0.729,0.163
,2018-05-08T01:26:25,0,18,"RT @magathemaga1: Apparently 70 grand dropped off 2 #MoneyBagsAl not 50k

‚úîMeanwhile, who is Skyler?
‚úîWhat was money for?
‚úîWhere did #Scamm‚Ä¶",,,,,0.5204,0,0.856,0.144
,2018-05-08T01:25:53,0,13,"RT @VisioDeiFromLA: Stacey Newman &amp; KS TEXTS 

Coordinating with KG?

‚ÄúMs. Newman sent a text to K.S., providing K.S. the name and phone nu‚Ä¶",,,,,0,0,1,0
,2018-05-08T01:25:24,0,8,RT @SKOLBLUE1: Well this is interesting! @scottfaughn  where are you? #moleg #mosen #STL #Benchwarrant @FBIStLouis this sounds like crimina‚Ä¶,,,,,0.7644,0,0.678,0.322
,2018-05-08T01:25:13,0,6,"RT @VisioDeiFromLA: @ScottCharton 

Where is UR buddy Faughn? Any radio communication? 

Not buddies anymore? I think the public would like‚Ä¶",,,,,0,0,1,0
,2018-05-07T14:50:18,0,22,"RT @JW1057: @StLCountyRepub @EricGreitens @TeamGreitens @SheenaGreitens 

I am truth and justice and @stlcao and @jaybarnes5 are frauds!‚Ä¶",,,,,0.7177,0,0.7,0.3
,2018-05-07T14:50:06,0,11,"RT @VisioDeiFromLA: Lol still pushing this lame tripe.

The public is woke.

The #MoLeg GOP are swamp

@EricGreitens is an OUTSIDER

Sorry‚Ä¶",,,,,-0.1154,0.125,0.768,0.107
,2018-05-07T14:47:32,0,12,RT @CJheartart: Don‚Äôt fall for this! It‚Äôs as dirty for Missouri as a initiative can be! #moleg #BeInformed https://t.co/GlLJ1VHIXN,,,,,-0.5399,0.17,0.83,0
,2018-05-07T14:47:03,0,8,"RT @VisioDeiFromLA: Its idiotic tweets like this why bench trial needed

Judge should have never declined, but if I had to guess, he probab‚Ä¶",,,,,-0.1406,0.092,0.838,0.07
,2018-05-07T14:46:49,0,19,"RT @HotPokerPrinces: @jaybarnes5  @Rep_TRichardson @MOHouseGOP 

Now that Scott Faughn has established himself as an un ethical journalist/‚Ä¶",,,,,0.5106,0,0.829,0.171
,2018-05-07T14:46:33,0,1,"RT @Sticknstones4: 10 Homocides is 10 days 

One a day was a Vitamin, Not a Homocide 

#moleg #stl #drugtrafficking https://t.co/CW6emhWXVp",,,,,0.296,0,0.879,0.121
,2018-05-07T14:46:24,0,9,RT @Sticknstones4: #moleg Lawmakers need to cancel your Missouri Times https://t.co/PkBkvlnnis,,,,,-0.25,0.167,0.833,0
,2018-05-07T14:46:06,0,3,"RT @Sticknstones4: Is Scott Faughn on the Run Still Pulling your strings ?

Jay Barnes &amp; Todd Richardson 

What was your cash price to pull‚Ä¶",,,,,0,0,1,0
,2018-05-07T14:45:36,0,2,"RT @Sticknstones4: LOL üòÇ tis the story of empty pocket that was needing wads of cash , then then lobbyists stuffed them full 
And that‚Äôs th‚Ä¶",,,,,0.4084,0.066,0.805,0.129
,2018-05-07T14:45:18,0,3,"RT @Sticknstones4: Missouri got Played 

#Moleg https://t.co/FSSQ8JAPMI",,,,,0.34,0,0.714,0.286
,2018-05-07T14:44:52,0,13,"RT @HotPokerPrinces: THE PHOTO üì∏
No Device 
No Knowledge of such Picture from KS
No photo of Nudity
No transmission of photo 

#Greitens #m‚Ä¶",,,,,-0.7783,0.317,0.683,0
,2018-05-07T14:44:31,0,7,"RT @Sticknstones4: @TomJEstes @VisioDeiFromLA Deliberately evading service, hillarious for a guy that‚Äôs always has his hand on the pulse of‚Ä¶",,,,,0.4939,0,0.849,0.151
,2018-05-07T14:42:04,0,19,"RT @magathemaga1: I wasn't joking #Missouri media

0 reporting on where money to #MoneyBagsAl came from makes U look like puppets &amp; like Sc‚Ä¶",,,,,0.5162,0.068,0.73,0.203
,2018-05-07T14:41:34,0,11,"RT @JW1057: @chrisregniertv @TeamGreitens @stlcao @StLCountyRepub @MissouriGOP @MissouriTimes @SheenaGreitens 

The persecution of @EricGre‚Ä¶",,,,,0,0,1,0
,2018-05-05T20:38:35,0,24,RT @ChrisHayesTV: MO Gov defense motion says politics were in play starting 1-11 when MO Rep texted alleged victim ‚Äúmy House Dem leadership‚Ä¶,,,,,0.2023,0.081,0.769,0.15
,2018-05-05T20:38:31,0,18,RT @ChrisHayesTV: MO Gov's defense says recently discovered text messages reveal possibility alleged victim could profit. Court motion quot‚Ä¶,,,,,0.3182,0.093,0.711,0.196
,2018-05-05T20:38:23,0,39,"RT @ChrisHayesTV: Latest MO Gov defense filing says it would like to depose @scottfaughn about the mysterious $100,000 cash payments but ‚Äúi‚Ä¶",,,,,0.25,0,0.87,0.13
,2018-05-05T20:38:13,0,3,"RT @ChrisHayesTV: Defense question: You‚Äôre not even enough of an expert to know what kind of expert? CAO expert: Correct.
https://t.co/1d8b‚Ä¶",,,,,0.128,0,0.93,0.07
,2018-04-27T18:38:36,3,0,"The answer is NO this broke fool still has warrants, fines &amp; court dates.  His drivers license is suspended &amp; has no insurance .   Why does Lyda &amp; the Board of Alderman allow this ?  He should Resign https://t.co/lPSgKtFC9m",,,,,-0.9311,0.345,0.616,0.039
,2018-04-27T18:38:08,2,0,"@MarkReardonKMOX The answer is NO this broke fool still has warrants, fines &amp; courtdates.  His drivers license is suspended &amp; has no insurance .   Why does Lyda &amp; the Board of Alderman allow this ?  He should Resign",,,,,-0.9311,0.352,0.608,0.04
,2018-04-21T21:25:53,0,0,@ChelseaKMerta @Jennifrrrrr @clairecmc @PresReed @MeganEllyia @MoDemParty @JasonKander Take John Collins Muhammad and Bruce franks too,,,,,0,0,1,0
,2018-04-21T21:24:59,0,0,"@ChelseaKMerta @TorreyPark @Jennifrrrrr @clairecmc @PresReed @MeganEllyia Make Bruce Franks jr resign , his lyrics are worse than romanik and take the Alderman with outstanding warrants too John Collins Muhammad can Resign too",,,,,-0.4404,0.203,0.694,0.103
,2018-04-20T02:31:44,2,0,"Orange looks good on him

Why does John Collins-Muhammad keep getting away with illegal behavior ?  

Where‚Äôs Mayor Lyda Krewson 

Where‚Äôs Lewis Reed

Where‚Äôs @stltoday &amp; @RiverfrontTimes https://t.co/fGrOFO69Wa",,,,,-0.1779,0.114,0.794,0.092
,2018-04-20T02:21:42,0,0,"Why does John Collins-Muhammad get special favors  
That he keeps driving  ?

Friends with #kimshady &amp; #slmpd  ?

( notice the car keys in hand )

He should be arrested again https://t.co/ZKH2FDOE5A",,,,,0.8053,0.083,0.614,0.303
,2018-04-20T02:15:52,1,1,"Alderman John Collins Muhammad 
still has 
‚úîÔ∏èwarrants
‚úîÔ∏èSuspended drivers license 
‚úîÔ∏èNo insurance https://t.co/8yhqzVGBbV",,,,,0,0,1,0
,2018-04-20T02:11:11,7,3,"Why does the St. Louis circuit attorney Kim Gardner make appearances with an Alderman with outstanding warrants?

‚úîÔ∏èArrested twice in 6 months
‚úîÔ∏èSuspended drivers license 
‚úîÔ∏èDriving without insurance 
‚úîÔ∏èMultiple Warrants 
‚úîÔ∏è Outstanding Fines 

#kimshady #stl  #resign https://t.co/6WJduCB12z",,,,,0.8402,0,0.81,0.19
,2018-04-19T19:16:34,0,5,"RT @JW1057: @proudmomom @MOHouseGOP @MissouriGOP @AGJoshHawley Due process is vital in every case. I would, however, suggest that is even m‚Ä¶",,,,,0.296,0,0.896,0.104
,2018-04-19T19:16:16,0,20,RT @BCunninghamN: ‚ÄúI don‚Äôt care if the report says that he‚Äôs been accused of dancing naked on Kingshighway Boulevard at midnight with a lla‚Ä¶,,,,,0.25,0.083,0.795,0.121
,2018-04-19T19:15:44,0,10,"RT @YearOfZero: Hey @Rep_TRichardson this entire case is crooked as well as the prosecutor and the judge.

No bench trial. I may not be a l‚Ä¶",,,,,-0.0258,0.084,0.837,0.08
,2018-04-19T19:14:41,0,32,"RT @Monetti4Senate: It is no coincidence that Josh @HawleyMO called for Greitens to step down,
and then accused him of a felony, while he i‚Ä¶",,,,,-0.7845,0.273,0.727,0
,2018-04-19T19:14:21,0,47,RT @EricGreitens: Great talking with @MissouriChamber‚Äôs next generation of leaders about how to bring more quality jobs to Missouri today.‚Ä¶,,,,,0.6249,0,0.823,0.177
,2018-04-19T19:14:10,0,40,RT @EricGreitens: This team is getting great results for the people of Missouri. Met with cabinet leaders today to discuss their achievemen‚Ä¶,,,,,0.6249,0,0.837,0.163
,2018-04-19T19:13:57,0,11,"RT @magathemaga1: #GreitensIndictment explained:

-No evidence
-Consensual affair 
-Shady #KimShady
-No probable cause
-Ex husband out 4 re‚Ä¶",,,,,-0.5267,0.227,0.773,0
,2018-04-19T19:13:53,0,32,"RT @EricGreitens: Great weekend with Republicans in Platte and Buchanan counties! These crowds were fired up, because conservative reforms‚Ä¶",,,,,0.2003,0.144,0.68,0.176
,2018-04-19T19:13:41,0,12,"RT @magathemaga1: Clip from @paulcurtman interview w/ @MarcCox971 on @971FMTalk 

Who is Ronald Sullivan &amp; was there laws violated in hirin‚Ä¶",,,,,-0.5267,0.145,0.855,0
,2018-04-19T19:13:20,0,9,"RT @YearOfZero: Isn‚Äôt justice more important than partisanship?

The prosecution lied about evidence, was there evidence in the first place‚Ä¶",,,,,-0.079,0.213,0.586,0.201
,2018-04-19T19:13:07,0,2,"RT @magathemaga1: This is a clear lie. 

#MoLeg https://t.co/gZXp6qjmcp",,,,,0.3818,0,0.729,0.271
,2018-04-19T19:12:51,0,0,@magathemaga1 It‚Äôs BULLSHEEEET,,,,,0,0,1,0
,2018-04-19T19:12:32,0,8,"RT @magathemaga1: So let me get this straight?

#NoNotesTiasby lies about evidence 

#KimShady has 0 evidence or probable cause

Grand Jury‚Ä¶",,,,,0.3237,0.112,0.682,0.206
,2018-04-19T19:11:35,0,2156,"RT @StateDept: .@POTUS Trump: We hope to see the day when the whole Korean Peninsula can live together in safety, prosperity, and peace. Th‚Ä¶",,,,,0.8481,0,0.695,0.305
,2018-04-19T19:10:55,0,8,RT @DeplorableGoldn: RT üö® #MOLeg #mogov #MOsen #Greitens #gre https://t.co/oAVdQuEsIA,,,,,0,0,1,0
,2018-04-17T18:28:12,0,9,"RT @VisioDeiFromLA: @melody_grover @HawleyMO Agreed. 30 days before limitations runs out. Seems more like a way to scree @EricGreitens 

Wh‚Ä¶",,,,,0.5984,0,0.777,0.223
,2018-04-17T18:28:07,0,8,"RT @melody_grover: At this point, there is room at the top for either @HawleyMO or #mogov but not both. Since it's the AG who is lobbing ac‚Ä¶",,,,,0.1027,0,0.949,0.051
,2018-04-17T18:27:25,0,11,"RT @VisioDeiFromLA: Lol exactly what I was thinking. I want claire gone but she is crafty, and this does really show #LadderBoy has bad pol‚Ä¶",,,,,-0.5719,0.171,0.719,0.11
,2018-04-17T18:26:58,0,18,RT @melody_grover: What's unconscionable is an arrogant &amp; incompetent AG who prioritizes his DC-driven #mosen campaign (for which he has NO‚Ä¶,,,,,-0.743,0.249,0.751,0
,2018-04-17T18:25:19,0,13,"RT @magathemaga1: #LadderBoy Hawley has decided to take on the role of Mueller 2.0

‚úîWaits until now?
‚úîWas he doing his job at all as AG?
‚úî‚Ä¶",,,,,0,0,1,0
,2018-04-17T18:25:10,0,13,"RT @Avenge_mypeople: @HawleyMO is looking more and more like one of ""them."" Since the #GreitensIndictment doesn't look like it's gonna pan‚Ä¶",,,,,0.7281,0,0.757,0.243
,2018-04-17T18:24:08,0,4,"RT @magathemaga1: @JW1057 @kmoxnews @HawleyMO Mueller 2.0

#MOLeg #mogov #greitens #Kimshady @EricGreitens https://t.co/7Rh0SHEvFa",,,,,0,0,1,0
,2018-04-17T18:23:37,0,2,"RT @Sticknstones4: If the question was asked at Moleg session:

How many Legislators have ever had an affair 

How many would have to say‚Ä¶",,,,,0,0,1,0
,2018-04-14T01:11:48,8,2,"@robschaaf Why didn‚Äôt the committee cross-examine the witness? You took every alleged act she stated as truth .  You didn‚Äôt even establish a possible timeline.   Evidence deliberately withheld debunks some of the testimony   #moleg
https://t.co/KJxtpJVDyY",,,,,0.3182,0,0.933,0.067
,2018-04-14T01:00:27,4,0,@robschaaf https://t.co/4zukJwrpiA,,,,,0,0,1,0
,2018-04-14T00:59:48,6,2,@robschaaf https://t.co/BRsOJMzcWu,,,,,0,0,1,0
,2018-04-11T12:58:00,2,2,"its a dark day in the #showme state  
Censorship by left wing liberals over Free Speech conservative voices
@97.1   RIP FREE SPEECH https://t.co/rKeOovy2SP",,,,,0.8091,0,0.732,0.268
,2018-04-11T12:53:20,0,5,"RT @Sticknstones4: @RealBarefoot @MarcCox971 @jallman971 Me too , this is left wing censorship and i won‚Äôt participate 
Wherever Jamie goes‚Ä¶",,,,,0,0,1,0
,2018-04-11T12:52:50,0,2,"RT @RealBarefoot: @971FMTalk I am disgusted that @jallman971 has been banned from your airwaves, stifling Conservative voices will not be t‚Ä¶",,,,,-0.7506,0.262,0.738,0
,2018-04-11T12:51:53,2,1,"A Big Fat  
N O T H I N G 
Z I L C H
N A D A
Z E R O https://t.co/5iQOc9qZ6L",,,,,0,0,1,0
,2018-04-11T12:49:35,0,2,RT @TrumpChess: @magathemaga1 @gagemitchusson @DaynaGould @AllmanReport @dbongino @YearOfZero @gocrazy4cards @MSTLGA @stlyrs @Blackboxhalo‚Ä¶,,,,,0,0,1,0
,2018-04-07T03:09:04,0,12,"RT @magathemaga1: @ErgoStreetNurse @SpeakerTimJones @staceynewman @jallman971 @971FMTalk #IStandWithAllman #allman971 
@971FMTalk @AllmanRe‚Ä¶",,,,,0,0,1,0
,2018-04-05T13:33:28,0,1,"RT @MSTLGA: A man that is arrested twice in 6 months is NOT FIT TO SERVE Alderman John Collins-Muhammad 
#21stward #stlouis #corrupt #liar‚Ä¶",,,,,0.0343,0.122,0.75,0.128
,2018-04-05T13:32:16,0,11,"RT @magathemaga1: Given that #SteveStenger has a horrible record for #stlouis county, he has now resorted to the race card.

This is what h‚Ä¶",,,,,-0.5423,0.137,0.863,0
,2018-04-03T03:40:20,0,0,"@KMOV Blame the 3million in police overtime on poverty pimp ass clowns ü§° Bruce Franks jr &amp; the twice arrested alderman John Collins Muhammad
Alderman still has warrants &amp; unpaid fines, drivers license is invalid &amp; no insurance #stl #shithole #Stlverdict #blm",,,,,-0.926,0.287,0.713,0
,2018-04-03T03:28:35,0,0,"Your protestors are all armed with iPhones
They good boo  #expectus #stlverdict https://t.co/XO4C5ONCAp",,,,,0.4404,0,0.805,0.195
,2018-04-03T03:26:26,1,0,"Poverty pimps Unite

Planning summer strategies for protest season https://t.co/dfO2O3EX8T",,,,,-0.6486,0.398,0.602,0
,2018-03-31T17:55:20,0,0,"Hurry up with these before alderman John Collins-Muhammad next arrest, he still has warrants https://t.co/utnu7TcX8Q",,,,,-0.34,0.146,0.854,0
,2018-03-31T17:55:06,1,0,"@PresReed Hurry up with these before alderman John Collins-Muhammad next arrest, he still has warrants",,,,,-0.34,0.146,0.854,0
,2018-03-29T01:04:22,0,0,"@celestebott @ChristineDByers BREAKING ... 21st Ward Ald. John Collins-Muhammad
still has warrants https://t.co/nGcm2TzmM8",,,,,0,0,1,0
,2018-03-29T01:02:48,0,0,@ksdknews Still has warrants https://t.co/JFYoIoiB42,,,,,0,0,1,0
,2018-03-29T01:01:11,0,0,@kmoxnews Follow up bro still got warrants https://t.co/ybqPwZLoOx,,,,,0,0,1,0
,2018-03-29T01:00:10,0,0,@SuchHate @RyanWrecker Here‚Äôs my follow up: thug still got warrants https://t.co/jur7bP3FJj,,,,,0,0,1,0
,2018-03-28T00:43:41,2,0,@HereLiesMoon Kmov paid you a ton for your revenge tape,,,,,-0.5267,0.298,0.702,0
,2018-03-28T00:43:08,0,0,@HereLiesMoon They got tired of your squirrelly BS,,,,,-0.4404,0.293,0.707,0
,2018-03-21T06:11:59,0,0,"@kmoxnews @LydaKrewson @PresReed  why do you allow these LIES 
This is unethical and in violation of the city employee code of conduct",,,,,-0.8455,0.335,0.601,0.063
,2018-03-21T06:09:35,1,0,"#21stward John Collins-Muhammad still has warrants
NOT FIT TO DRIVE
NOT FIT FOR OFFICE
RESIGN 
WARRANTS 
NO INSRANCE
SUSPENDED DRIVERS LICENCE
NOT GOOD FOR ST LOUIS https://t.co/PympgCjAsi",,,,,0.0516,0.241,0.512,0.246
,2018-03-21T05:58:10,1,0,"@bgmathes5 @kmoxnews If this is how he takes care of his business , i can only imagine what‚Äôs he‚Äôs not doing in the city‚Äôs business 
He should resign",,,,,0.2023,0.081,0.811,0.108
,2018-03-21T05:56:52,0,1,"RT @kmoxnews: ""The same issue and problems I was experiencing, many people in my community are experiencing,"" Muhammad said. https://t.co/w‚Ä¶",,,,,-0.4019,0.13,0.87,0
,2018-03-21T05:55:52,0,1,RT @bgmathes5: @kmoxnews Don't try an be above the law!! And abide by the laws enough of the entitlement!!(#pos),,,,,0,0,1,0
,2018-03-21T05:55:37,1,0,"@kmoxnews What exactly did he settle ? He still has warrants 
Does he have insurance &amp; a valid license 
If not does he still drive illegally or Uber 
Alderman John Collins-Muhammad isn‚Äôt fit for office https://t.co/qDATug9Ar7",,,,,0.3612,0,0.93,0.07
,2018-03-16T20:30:59,0,0,@pettisvspaco Do it they need good people !,,,,,0.4926,0,0.653,0.347
,2018-03-16T14:17:36,0,0,"@brianzilm @FOX2now He‚Äôs a college educated moron,  people make less than him &amp; still obey the law by paying their self incurred ticket fines &amp; maintain auto insurance.  Dont forget he gets perks with the jon an extra 5k plus lobbyists",,,,,-0.6249,0.118,0.882,0
,2018-03-16T14:04:35,4,1,"A man that is arrested twice in 6 months is NOT FIT TO SERVE Alderman John Collins-Muhammad 
#21stward #stlouis #corrupt #liar #resign",,,,,0.0343,0.127,0.74,0.133
,2018-03-16T14:02:19,2,1,"It‚Äôs a law to drive with a valid drivers license &amp; insurance !
Alderman John Collins-Muhammad knowingly has been BREAKING this law for a few years. @PresReed  @LydaKrewson  ENFORCE the #StL city employee code of conduct #enough #stlboa #resign #21stward #CORRUPTION #pettylarceny",,,,,0,0,1,0
,2018-03-16T13:39:35,0,0,"@brianzilm @FOX2now It‚Äôs enough to pay $35 &amp; $85 tickets!  If it isn‚Äôt start to drive lawfully so you don‚Äôt self incur  fees you can‚Äôt afford 
Live lawfully    What about the car he rear ended, John Collins-Muhammad drives without insurance",,,,,-0.1759,0.042,0.958,0
,2018-03-16T03:42:42,0,0,@Sticknstones4 He had to have his homies bail him out #brokeasajoke,,,,,0,0,1,0
,2018-03-16T03:40:39,0,1,RT @Sticknstones4: I see a pattern here of continuing behavior of un paid things 2015 to 2018 #fiscallyirresponsible https://t.co/2gTPoHi5yp,,,,,0,0,1,0
,2018-03-16T03:39:39,1,0,"@FOX2now Alderman John Collins Muhammad lied ü§• is this interview , he didn‚Äôt have any lawyer entered on his 2016 charges in pine lawn  #liar #resign
#pettylarceny #youknew",,,,,-0.5719,0.164,0.836,0
,2018-03-16T03:32:31,0,0,"@CopStuffCo No insurance , suspended license &amp; multiple warrants",,,,,-0.6486,0.469,0.531,0
,2018-03-16T03:31:41,0,0,"@NorthSTLCounty @stltoday He should resign , he‚Äôs a con man &amp; a liar ü§• 
&amp; a brokey broke",,,,,-0.8176,0.459,0.541,0
,2018-03-15T21:07:33,1,0,"@pettisvspaco I agree, If he can‚Äôt handle his own business than he definitely shouldn‚Äôt be handling the people‚Äôs business.",,,,,0.6369,0,0.755,0.245
,2018-03-15T21:03:44,0,1,RT @pettisvspaco: I watched the interview with Elliot Davis and Alderman John Collins-Muhammad and I was a bit disappointed. John didn't se‚Ä¶,,,,,-0.4767,0.147,0.853,0
,2018-03-15T14:54:12,0,0,"@PresReed @JohnMuhammadJr warrants , arrests, petty larceny are in violation of the city code of conduct ! RESIGN https://t.co/2EnbaIQ22L",,,,,-0.884,0.466,0.534,0
,2018-03-15T14:00:54,0,0,"@stlnews Resign Con Man , a man that can‚Äôt take care of his own business isn‚Äôt taking care of the people business",,,,,0.6124,0.093,0.659,0.248
,2018-03-15T13:59:00,0,0,@bluelivesmtr Petty larceny,,,,,-0.2023,0.474,0.526,0
,2018-03-15T13:54:07,0,1,RT @Speedy62269: @FOX2now He‚Äôs full of excuses ... and it wasn‚Äôt just one mistake he made.,,,,,-0.34,0.138,0.862,0
,2018-03-15T13:53:52,3,0,"@FOX2now Employee code of conduct applies to him
https://t.co/YUWTdgoTzv",,,,,0,0,1,0
,2018-03-15T13:50:44,0,1,RT @FOX2now: Fox 2 Exclusive: Alderman Muhammad grilled over outstanding traffic tickets https://t.co/qOHbQVhPOF https://t.co/7VY0NNwaNb,,,,,0.6705,0,0.667,0.333
,2018-03-15T13:50:28,2,2,"@Speedy62269 @josefrealty @FOX2now Here‚Äôs are partial list , not inclusive of casenet &amp; Jeffcity https://t.co/Ql7CK19cCS",,,,,0,0,1,0
,2018-03-15T13:49:15,4,0,@FOX2now A man that can‚Äôt take care of his business ain‚Äôt taking care of the people business !,,,,,0.7712,0,0.677,0.323
,2018-03-15T13:48:10,4,1,"@FOX2now He makes over 3Ok and can‚Äôt pay his $35 ticket or bail?
Is he a junkie where does his money go",,,,,-0.1027,0.065,0.935,0
,2018-03-15T13:47:15,4,1,"@FOX2now He has been knowingly been driving with a suspended license since 2014 , petty larceny WTF 
RESIGN.",,,,,-0.9112,0.512,0.488,0
,2018-03-15T03:55:26,2,0,Why doesnt john Collins-Muhammad pay his tickets &amp; insurance ? https://t.co/bzTmF1TY6U,,,,,0.0762,0,0.874,0.126
,2018-03-15T03:49:10,0,0,https://t.co/YUWTdgoTzv,,,,,0,0,1,0
,2018-03-15T03:48:37,1,0,"@AllmanReport @jallman971 
As per the heat phone callers question 
Why wouldn‚Äôt John Collins Muhammad be in violation of the city‚Äôs code of conduct ? https://t.co/mhhMypdHNM",,,,,-0.4939,0.122,0.878,0
,2018-03-15T01:12:23,1,1,"since 2014  John Collins Muhammad has knowingly been driving without a valid license 

#stlverdict #21ward #stlboa #lydakrewson #resign #repeatoffender #impeach #criminal #conman #draintheswamp",,,,,0,0,1,0
,2018-03-15T01:01:45,1,0,St. Louis alderman arrested for driving with a suspended license https://t.co/qJs1265Put via @stltoday,,,,,-0.7351,0.383,0.617,0
,2018-03-15T00:59:37,1,1,"Just a few of St. Louis Alderman John Collins muhammad
Warrants 

#resign #impeach #stlverdict #followthelaw #stlboa #lydakrewson #conman #notqualified #21stward #brokeasajoke https://t.co/Sq6Xe6dq8U",,,,,0,0,1,0
,2018-03-14T21:54:10,0,0,@Young_Nig3l @ksdknews He‚Äôs an alderman with 6 warrants and arrested twice in in 5 months  time for him to resign,,,,,-0.6705,0.256,0.744,0
,2018-03-14T12:48:32,0,0,"@kmoxnews He needs to resign.   Arrested TWICE &amp; KNOWINGLY drives without insurance &amp; on an invalid license for years
Is not who we need in office",,,,,-0.6705,0.186,0.814,0
,2018-03-14T12:48:13,1,0,"@ksdknews He needs to resign.   Arrested TWICE &amp; KNOWINGLY drives without insurance &amp; on an invalid license for years
Is not who we need in office",,,,,-0.6705,0.186,0.814,0
,2018-03-14T12:47:43,2,0,"@stltoday He needs to resign.   Arrested TWICE &amp; KNOWINGLY drives without insurance &amp; on an invalid license for years
Is not who we need in office",,,,,-0.6705,0.186,0.814,0
,2018-03-14T12:47:06,0,0,"@StLouisAmerican He needs to resign.   Arrested TWICE &amp; KNOWINGLY drives without insurance &amp; on an invalid license for years
Is not who we need in office https://t.co/S4YrQ3oj3F",,,,,-0.6705,0.18,0.82,0
,2018-03-14T12:46:29,2,1,"@TheSTLScoop He needs to resign.   Arrested TWICE &amp; KNOWINGLY drives without insurance &amp; on an invalid license for years
Is not who we need in office https://t.co/Bx5QYrhzbl",,,,,-0.6705,0.18,0.82,0
,2018-03-14T12:41:40,1,1,@cturtle31 @MarkReardonKMOX He‚Äôs just useless in general time to resign https://t.co/hq6mjvsuHy,,,,,-0.6369,0.366,0.634,0
,2018-03-14T12:40:44,0,0,@celestebott Funny that a knowingly uninsured driver without a valid drivers license is asking about these matters .  He needs to RESIGN,,,,,-0.0343,0.135,0.692,0.173
,2018-03-14T12:38:53,0,0,@bruce_weingart @FOX2now  https://t.co/djpZbIir8n,,,,,0,0,1,0
,2018-03-14T12:37:17,0,0,@ksdknews Is he still locked up,,,,,0,0,1,0
,2018-03-14T12:37:02,0,0,"@Young_Nig3l @ksdknews This is good stuff, people need to know what a phoney he is.  He needs to be impeached or resign.",,,,,0.128,0.099,0.782,0.119
,2018-03-14T04:22:30,0,0,"@ElliottDavisTV @fox2 can you interview @JohnMuhammadJr  and ask him why he didn‚Äôt pay for it 
Why he so broke",,,,,-0.6144,0.228,0.772,0
,2018-03-14T04:17:45,0,0,@SenatorNasheed  If you were Board of Alderman president  would you ask @JohnMuhammadJr to resign? https://t.co/3xMYDzbrPz,,,,,-0.34,0.146,0.854,0
,2018-03-14T04:13:42,0,0,@LydaKrewson  @PresReed will you be asking @JohnMuhammadJr to Resign ? https://t.co/LvVONRFhan,,,,,-0.34,0.211,0.789,0
,2018-03-14T04:10:08,0,0,@TomLeb  https://t.co/UDtGFmbF9K,,,,,0,0,1,0
,2018-03-14T03:20:13,0,0,@ClipTheVideo @Mike_Faulk Isn‚Äôt he on white guy went to jail trauma disability,,,,,-0.4215,0.203,0.797,0
,2018-03-14T03:13:31,1,0,"@ClipTheVideo @brucefranksjr Bruce &amp; crew haven‚Äôt bailed him out yet 
when you‚Äôre lazyAF to get a damn drivers license But your homies are lazier to bail ya out",,,,,-0.7184,0.194,0.806,0
,2018-03-14T03:08:42,0,0,@handsupdontshoo Vote him out,,,,,0,0,1,0
,2018-03-14T03:04:32,0,0,@inforaminis  https://t.co/7ZRlX4vo9A,,,,,0,0,1,0
,2018-03-14T03:03:59,0,0,@sunkenplacestl  https://t.co/TEEa1gG7de,,,,,0,0,1,0
,2018-03-14T03:03:14,0,0,@SmartWayStorage  https://t.co/UBcJ2hDHH2,,,,,0,0,1,0
,2018-03-14T03:02:49,0,0,@dylanized @mattfredstl  https://t.co/R1zQ8RIjd9,,,,,0,0,1,0
,2018-03-14T03:02:13,0,0,@RegalSports  https://t.co/CUHD73yWVi,,,,,0,0,1,0
,2018-03-14T03:01:30,0,0,@BeAccountable4u  https://t.co/eBb5fCY84j,,,,,0,0,1,0
,2018-03-14T02:59:55,2,1,"Make St Louis Great Again 
Alderman John Collins Muhammad is not fit to serve
Arrested twice for outstanding warrants 
#resign St. Louis deserves better https://t.co/yS3iE5cD9B",,,,,0.7776,0.144,0.552,0.304
,2018-03-14T02:47:50,0,0,@ljcambria @FOX2now He should resign. INCOMPETENT,,,,,-0.7378,0.609,0.391,0
,2018-03-14T02:47:15,1,0,"@ronflesh @FOX2now @StLouisCityCA He should resign  anybody that can‚Äôt pay a ticket on time, have a valid license &amp; insurance shouldn‚Äôt be involved in city business",,,,,-0.4215,0.147,0.853,0
,2018-03-14T02:45:27,0,0,@nmureddu He should resign,,,,,-0.34,0.444,0.556,0
,2018-03-14T02:45:02,0,0,"@dylanized @mattfredstl He‚Äôs been driving without a valid license and no insurance for 2 years.  There is also a petty theft charge
If the dude doesn‚Äôt care about his own business , he ain‚Äôt caring about the city‚Äôs business   He should RESIGN",,,,,0.0688,0.153,0.709,0.138
,2018-03-14T02:40:57,0,0,"@RegalSports What kind of a lazy muthasucka can‚Äôt get a drivers license &amp; insurance ?  What a dumbass 
Impeach him and MAKE STL GREAT AGAIN",,,,,-0.1431,0.219,0.616,0.165
,2018-03-14T02:38:37,0,0,"@sumo1916 impeach , and make St. Louis great again",,,,,0.6249,0,0.631,0.369
,2018-03-14T02:36:14,0,0,@inforaminis He‚Äôs a lazy boy,,,,,-0.3612,0.455,0.545,0
,2018-03-14T02:33:11,0,0,@celestebott do tell more about the petty theft charge https://t.co/ydhsOPIciw,,,,,-0.2648,0.187,0.813,0
,2018-03-14T02:31:45,0,2,RT @celestebott: Via @ChristineDByers: 21st Ward Ald. John Collins-Muhammad arrested yesterday after rear-ending a car while driving w/o a‚Ä¶,,,,,-0.4767,0.154,0.846,0
,2018-03-04T18:12:22,0,0,@FOX2now #missouri #makemissourigreatagain #BuildTheWall #shithole #stlouis #stl #crimecapital https://t.co/raulks41bo,,,,,0,0,1,0
,2018-03-01T01:27:36,0,0,"@LaurieSkrivan #ingodwetrust #wentzville #funnymoney
#keepthesign #looseyourcash #maga #stl #missouri # monopolymoney https://t.co/wEMjqMGGuK",,,,,0,0,1,0
,2018-03-01T01:23:46,0,0,@LetHumanismRing Just switch out all your currency &amp; coin #ingodwetrust https://t.co/f6QPjIn77q,,,,,0,0,1,0
,2018-03-01T01:20:02,2,0,@DonChambers16 @alexiszotos @KMOV Drop a few hundreds around the room and see if the atheists pick them up,,,,,-0.2732,0.116,0.884,0
,2018-03-01T01:14:09,1,0,@alexiszotos Money exchange for atheists #ingodwetrust #wentzville #stlouis #missouri #maga #funnymoney https://t.co/YdyEqVsypy,,,,,0,0,1,0
,2018-03-01T01:10:16,1,0,@bleedzblu77 @alexiszotos @KMOV #wentville can have a money exchange. Bring on those in god we trust dollars  #ingodwetrust https://t.co/8n14Uvg3mQ,,,,,0.6597,0,0.748,0.252
,2018-03-01T00:49:25,2,0,"@alexiszotos @KMOV In god we trust in on all our us coin &amp; currency 
Iet the opposers devisive themselves from their money ! 
Wentzville keep your sign",,,,,0.69,0,0.808,0.192
,2018-03-01T00:48:01,1,0,"@alexiszotos @KMOV In god we trust in on all our us coin &amp; currency 
Iet the opposers devisive themselves from their money ! 
Wentzville keep your sign",,,,,0.69,0,0.808,0.192
,2018-02-28T16:07:09,4,1,"Look Who went back to school today after vowing not to return üòÇ
school must be safe again , 
Especially when a camera crew is interviewing you 
@CvCraver1  #parkland #maga #MSDStrong  #broward #LiberalismIsAMentalDisorder #LiberalLogic #famewhore https://t.co/GCgai0NUac",,,,,0.4404,0,0.917,0.083
,2018-02-28T05:16:42,3,1,"Hahaha this kid is afraid to go back to his school
He‚Äôd shit himself walking the mean streets of St. Louis 
@ClipTheVideo https://t.co/x9w8VSRUWv",,,,,0,0.128,0.745,0.128
,2018-01-26T02:49:06,2,0,@RealBarefoot @jallman971 Clone him,,,,,0,0,1,0
,2018-01-26T02:44:42,1,1,"Anyone offended by ‚Äúin God We trust ‚Äú
Please send me all your cash https://t.co/3l61exVCf7",,,,,0.6908,0.102,0.508,0.391
,2018-01-26T02:42:58,1,0,@ksdknews To all the he people that object to the words ‚Äúin god we trust ‚Äú I will be happy to remove all your US currency from you #ingodwetrust https://t.co/TVjJKaR5gO,,,,,0.8442,0,0.733,0.267
,2018-01-26T01:20:47,0,0,@PresReed what‚Äôs next aldermanic proclamations for illegals ?  #stl https://t.co/kQPDhQblCX,,,,,0,0,1,0
,2018-01-26T01:15:30,6,0,@ksdknews Time to Build the Wall https://t.co/0KWUjrNWJP,,,,,0,0,1,0
,2018-01-24T04:03:12,0,0,"@STLCrimeBeat What a sad waste of money &amp; resources
Education, Crime &amp; homeless should be priority",,,,,-0.8555,0.439,0.561,0
,2018-01-23T02:57:01,1,0,@markmeyer11 @jallman971 @971FMTalk @AllmanReport @SpeakerTimJones @robschaaf @JimLembke @KathieConway @MarshaHaefner @TeamTilley @scottfaughn @MissouriTimes @GovGreitensMO Are you asking height or width ?,,,,,0,0,1,0
,2018-01-22T12:48:46,0,0,@CvCraver1 @Sticknstones4 @ClipTheVideo @65000hotdogwiki Statistics Matter BLM loves throwing out the white stats but don‚Äôt wanna claim those crime stats,,,,,-0.5187,0.189,0.676,0.135
,2018-01-21T23:59:40,1,0,@velvethammer Bitches don‚Äôt dare wear those on Halloween Trick or treat,,,,,-0.34,0.323,0.506,0.171
,2018-01-21T23:57:10,1,0,@velvethammer They march that Hole around and yet there offended by shithole #assholes,,,,,-0.25,0.143,0.857,0
,2018-01-21T14:48:59,0,0,@ksdknews Love her class Act !  Claire kept her paycheck,,,,,0.6696,0,0.64,0.36
,2018-01-21T14:47:04,0,0,@FOX2now The one thing that actually draws tourist into St Louis is now closed   thanks democrats,,,,,0.4404,0,0.838,0.162
,2018-01-21T14:45:18,0,0,@FOX2now profile the now laid off employees that run the old Courthouse &amp; the arch museum.  Show us who they are &amp; how no paycheck will affect them.,,,,,-0.296,0.075,0.925,0
,2018-01-21T14:40:35,1,0,@FOX2now I don‚Äôt care Who screwed who this is Not journalism it‚Äôs a soap opera,,,,,0,0.184,0.632,0.184
,2018-01-19T13:56:01,0,0,"@ksdknews Crime is a factor for anything coming to #STL Conventions &amp; Tourism, Pro-Sports, Commerce &amp; Industry One cant even come here for world class medical care without risk of being shot #stl #wakeup #cityincrisis",,,,,0.1316,0.089,0.785,0.127
,2018-01-19T01:07:20,0,0,"@SenatorDurbin This is what Brooklyn IL looks like

https://t.co/OMX3RFJmWi",,,,,0.3612,0,0.762,0.238
,2018-01-19T01:06:21,0,0,"@SenatorDurbin Brooklyn Illinois is waiting too you forgot about them 
https://t.co/OMX3RFJmWi",,,,,0,0,1,0
,2018-01-19T01:03:44,0,0,"@SenatorDurbin Support the people in your district 
Look at Washington Park IL these ppl elected you
And look at what a rundown #shithole 
https://t.co/qlQdOGbbzr",,,,,0.4019,0,0.891,0.109
,2018-01-19T00:59:26,0,308,"RT @RedNationRising: Democrats will let blacks wither away until next election when they will pander to them again for votes. Until then, t‚Ä¶",,,,,0,0,1,0
,2018-01-19T00:57:43,0,38,"RT @pahubb43: If you had to guess, which politican needed a mental evaluation? Which one do you think needs one??",,,,,0,0,1,0
,2018-01-19T00:57:12,0,29,"RT @pahubb43: If the NFL aka The National Felon League, held a press conference. Telling the American people they will STOP kneeling to win‚Ä¶",,,,,-0.4466,0.118,0.882,0
,2018-01-18T02:41:56,1,0,"@SenatorMenendez @DSenFloor Your district really is a #shithole FIX IT

https://t.co/soOLVhW7zJ",,,,,0,0,1,0
,2018-01-18T02:11:38,0,0,@FoxNews #shithole country,,,,,0,0,1,0
,2018-01-16T17:16:18,4,4,"Poverty is not an excuse for choosing the thug life

#BlackLivesMatter #stlverdict #expectus #stlouis #stl #thuglife #alllivesmatter #MLKDay #mlk https://t.co/NbeVywiwbb",,,,,-0.5457,0.201,0.799,0
,2018-01-16T17:12:12,0,0,@stltoday Poverty is not an excuse for choosing the thug life,,,,,-0.5457,0.334,0.666,0
,2018-01-14T22:18:16,0,3,"RT @jimsx50: If you live in #Missouri, do you agree with &amp; support #Representative #BruceFranks",,,,,0.6369,0,0.714,0.286
,2018-01-07T18:15:15,1,1,@NPete2 @Sticknstones4 @FBI @TheJusticeDept This culture needs to change. we have 205 murders many unsolved because people are afraid to come forward,,,,,-0.6124,0.16,0.84,0
,2018-01-05T20:10:55,0,2,"RT @MSTLGA: @FoxNews @KevinJacksonTBS Look how oppressed Bruce Franks is  
wears a Louis Vuitton Man purse to protest https://t.co/L7OVWG9M‚Ä¶",,,,,-0.6249,0.242,0.758,0
,2018-01-05T19:36:15,2,2,"@FoxNews @KevinJacksonTBS Look how oppressed Bruce Franks is  
wears a Louis Vuitton Man purse to protest https://t.co/L7OVWG9M4e",,,,,-0.6249,0.267,0.733,0
,2018-01-05T19:18:07,1,0,"@FoxNews @KevinJacksonTBS You left out that he created a fake charity to get elected , he ran up the police overtime to 3 million dollars from protests , and lied about being college educated",,,,,-0.4215,0.203,0.668,0.128
,2018-01-05T19:11:17,1,1,Out with the clowns ü§° https://t.co/IxNN6BT523,,,,,0,0,1,0
,2018-01-05T18:57:09,0,211,RT @JoniPrincess: This is theüí©that is in office #WakeUpAmerica Rep Bruce Franks Jr from St Louis usually skips the pledgeüá∫üá∏but if forced to‚Ä¶,,,,,-0.4588,0.12,0.88,0
,2018-01-05T18:56:29,0,533,"RT @President1Trump: Remember, those jobs aren‚Äôt coming back! @BarackObama Lost 17,000 manufacturing jobs his last year as president! @POTU‚Ä¶",,,,,-0.4374,0.138,0.862,0
,2018-01-03T21:41:01,0,0,"@KMOV This guy is such an ass clown ü§° doing anything for attention to divert from what an incompetent, uncable unoriginal, uneducated &amp; inept politician",,,,,-0.765,0.231,0.769,0
,2018-01-02T16:18:31,0,0,@SheenBean32 So far 2018 has been a bad year for 3 people lost to gun violence,,,,,-0.9062,0.552,0.448,0
,2018-01-02T15:07:13,0,0,"Start by curcing heroin dealers &amp; armed thugs
And giving proclamations to the police https://t.co/nfqAcnkUWx",,,,,-0.2023,0.172,0.699,0.129
,2018-01-02T14:51:54,0,6,RT @PresReed: That was somebody‚Äôs child. We know that we can do better. We know that we can drive those numbers down. https://t.co/GAXkBPu0‚Ä¶,,,,,0.4404,0,0.884,0.116
,2018-01-02T14:51:50,0,0,@PresReed We must do betterüôèüèª There‚Äôs no reason why we can‚Äôt shine bright,,,,,0.1779,0.137,0.683,0.18
,2018-01-02T14:49:50,0,0,"3 people dead from homocide breaks my heart 
Winter Ends  #stl gun violence is seasonless 
Cut down on violence  cut out these lame ass politicians 
#stlverdict #dontrelect https://t.co/tp9qp5Ia7o",,,,,-0.9761,0.572,0.428,0
,2018-01-02T14:46:50,0,0,"What are you doing about the already 3 dead from gun violence ?  Winter ends   Gun violence is seasonless
#stlverdict https://t.co/r4iBkE297C",,,,,-0.9538,0.553,0.447,0
,2018-01-02T14:40:15,1,0,"None of the #stlverdict crew at this vigil
For the 205 victims of 2017 https://t.co/6JaqiUXAnj",,,,,-0.3182,0.141,0.859,0
,2017-12-31T04:59:40,0,3,RT @KMOV: Police investigating triple shooting in South City https://t.co/WNTmIbWnf3 https://t.co/LWDcVKOPmn,,,,,0,0,1,0
,2017-12-31T01:01:39,0,2,RT @FOX2now: Three shootings in St. Louis City as the holiday weekend begins https://t.co/2AjVToxiNV,,,,,0.4019,0,0.828,0.172
,2017-12-31T00:28:55,0,1,"RT @98f580deac0e4c3: @ChristineDByers @stltoday The Galleria has a new recurring sale going on. The ""after police shooting, pre protester s‚Ä¶",,,,,0,0,1,0
,2017-12-29T22:54:46,0,1,@ksdk @CaseyNolen @LydaKrewson @fox2now @stltoday @RiverfrontTimes @ClaytonTimes @StLouisAmerican  @RiverfrontTimes @gatewaypundit @SpeakerTimJones @AllmanReport    Thanks to @johnmuhammadjr  i learned this new word today what do you think appropriate or not ? https://t.co/TYKAy6StRq,,,,,0.4404,0,0.903,0.097
,2017-12-29T22:47:39,0,0,@JohnMuhammadJr Where does one learn of such a word,,,,,0,0,1,0
,2017-12-29T22:10:10,0,0,@ClipTheVideo Was this from the now defunct charity @28tolifestl that @brucefranksjr set up to get himself elected ?,,,,,0.4215,0,0.851,0.149
,2017-12-29T22:06:48,0,0,@ClipTheVideo Black people should stop shooting each other than,,,,,-0.296,0.216,0.784,0
,2017-12-29T21:18:01,0,0,@ClipTheVideo I really don‚Äôt know what he does to touch young people But He sure touches their mamas.   Dude has like 5 baby mamas,,,,,0.5859,0,0.806,0.194
,2017-12-23T02:50:00,0,2,RT @Sticknstones4: This is what community looks like and it‚Äôs looking pretty darn bad https://t.co/HEW7oomrLx,,,,,0.296,0.165,0.566,0.269
,2017-12-21T15:48:53,0,0,"The violent thugs carjacking , shooting people &amp; dealing drugs  are NOT going to be trading their weapons for a gift card.   If anyone thinks the crime rate is going down think again. https://t.co/hbjyqn4Iu8",,,,,-0.8126,0.25,0.68,0.07
,2017-12-21T15:44:36,0,0,"St. Louis has had  over 200 carjackings for the year 
If you like homocides, heroin , gangs &amp; carjackings 
#stl is for you !    #stlouis #hellhole #stlexit",,,,,-0.2481,0.12,0.793,0.086
,2017-12-19T18:27:15,0,1,RT @ksdknews: Pathways to Progress empowers families in north St. Louis County https://t.co/nZJhVdwgop https://t.co/MvT4yuRbJ1,,,,,0.4215,0,0.823,0.177
,2017-12-19T18:20:36,0,3,RT @stltoday: Missouri panel approves $2.5 million in tax credits for Ferguson teen center https://t.co/xm3LOrA89K,,,,,0.6369,0,0.714,0.286
,2017-12-10T12:44:47,0,0,"@MotoKitten99 The shut down is for security , the spending is still going down.  The only thing happening is delayed spending",,,,,0.128,0.085,0.807,0.108
,2017-12-10T12:43:10,0,0,@MotoKitten99 Not a parking spot to be had anywhere and delivery services are delayed with online orders .. trump economy is out spending,,,,,-0.2263,0.083,0.917,0
,2017-12-10T02:51:06,2,0,@Norasmith1000 @Ms_Workes Agree very nice to see them doing something so positive,,,,,0.8809,0,0.469,0.531
,2017-12-08T02:47:11,0,0,"@Sticknstones4 @brucefranksjr @CNN @HuffPost @MooreSenate what a shameless self promoter, any scheme to get himself in front of a camera.  His local charades can‚Äôt get him tv time so he‚Äôs posturing on Roy Moore‚Äôs back while homocides, carjackings , violence continue to surge",,,,,-0.7579,0.146,0.854,0
,2017-12-08T02:40:44,0,1,RT @Sticknstones4: @brucefranksjr @CNN @HuffPost @MooreSenate Bruce keep your ass right here in #stl where you were elected to serve.  Your‚Ä¶,,,,,-0.5423,0.149,0.851,0
,2017-12-05T17:14:16,0,4,"RT @Sticknstones4: #stlverdict  go out &amp; mentor at risk youth. 
shame on you faux clergy for harming working innocents at the mall when you‚Ä¶",,,,,-0.7717,0.285,0.647,0.068
,2017-12-04T12:54:39,1,0,"@MotoKitten99 They do , @brucefranksjr has even stated it in public,he plans on making them pay for what they did.  I think galleria mall should ban them off property permanently",,,,,-0.6124,0.161,0.839,0
,2017-12-04T12:51:19,1,0,@Norasmith1000 @Ms_Workes He‚Äôs out in sunny California balling out away from the hell hole we call home St. Louis.,,,,,-0.4215,0.189,0.697,0.115
,2017-12-04T03:08:52,0,0,"@Jeremy_Ellwood @aclifford_ @brucefranksjr Stats from 11-27   
https://t.co/jQKGllc9vA",,,,,0,0,1,0
,2017-12-04T02:52:07,0,0,"@Jeremy_Ellwood @aclifford_ @brucefranksjr Nothing i have stated is racist so stop implying i made a racist point race baiter, you don‚Äôt have the Stl crimes stats",,,,,-0.8972,0.352,0.648,0
,2017-12-04T02:49:55,0,0,"@aclifford_ @Jeremy_Ellwood @brucefranksjr All his rhetoric is anti police and demands are anti police
No protests or outcry of violence, not 1   The socialist progressives theory is it‚Äôs contained in areas but it‚Äôs not carjackings, shooting &amp; murders everywhere in his district",,,,,-0.9267,0.327,0.673,0
,2017-12-04T02:42:18,0,0,@Jeremy_Ellwood @aclifford_ @brucefranksjr No Bruce isn‚Äôt marching for those victims killed in black on black violence not 1.  He only marches for victims killed by police,,,,,-0.9633,0.499,0.501,0
,2017-12-04T02:38:02,0,0,"@Jeremy_Ellwood @aclifford_ @brucefranksjr I guarantee you don‚Äôt know Bruce like we know Bruce 
He sure didn‚Äôt stand with any of these victims in his district 
https://t.co/iJhFUTxRuZ",,,,,0.5423,0.076,0.698,0.226
,2017-12-04T02:35:09,2,1,"@Golfnut662 It‚Äôs not even at night anymore , they shoot round the clock &amp; out in the open",,,,,-0.34,0.13,0.87,0
,2017-12-04T02:32:28,1,0,"@Jeremy_Ellwood @aclifford_ @brucefranksjr We‚Äôd be so glad to ship him to you MI &amp; WI, he ran up #stl budget with 3 million in police overtime &amp; were on our 195th ish murder victim  #moleg  while people are getting shot I‚Äôm sure he‚Äôs enjoying balling out Malibu CA",,,,,0.4149,0.117,0.72,0.164
,2017-12-04T02:28:13,1,0,@brucefranksjr @Sticknstones4 @SLMPD @Target What youth build program the now defunct 28 to life ?,,,,,0,0,1,0
,2017-12-04T02:24:58,0,0,"@stltoday This is what a real church with real clergy does, notbthis protest boycott BS

https://t.co/iJhFUTxRuZ",,,,,-0.5106,0.249,0.751,0
,2017-12-04T02:18:09,0,0,@stltoday When these clergy pass the plate around don‚Äôt put any money in it.   Maybe atheists will bust through their church service &amp; see how they like it #karma,,,,,0.3612,0,0.918,0.082
,2017-12-04T02:13:45,1,0,"@MichaelT162 @Norasmith1000 If judge Roy Moore doesn‚Äôt get elected maybe he can bring the 10 commandments statue to St. Louis. These fake churchless clergy could use a refresher course, especially thou shall not kill",,,,,0.1625,0.082,0.819,0.099
,2017-12-04T02:10:22,0,0,"@nanello_8 @Sticknstones4 @Apple complain to @StLouisGalleria that they are not securing property for your customers by letting protesters on private property, demand free rent or move out  @AllmanReport  @jallman971",,,,,-0.374,0.224,0.683,0.094
,2017-12-03T22:29:19,3,0,"@shesova @Sticknstones4 @CoriBush Definitely not a voice of motivation, empowerment and encouragement so kids can succeed by achieving academic excellence, developing positive personal skills and making positive decisions to avoid high-risk behavior.  #stoptheviolence #blacklivesmatter #stlverdict",,,,,0.9519,0.084,0.515,0.401
,2017-12-03T22:23:38,1,0,@velvethammer Damn That some real family dysfunction,,,,,-0.6705,0.524,0.476,0
,2017-12-03T15:27:15,1,0,@Mayhem_Now @JasonDa65274 @SpeakerTimJones @brucefranksjr Bruce has alot skeletons in his closet,,,,,0,0,1,0
,2017-12-03T15:23:00,1,1,@MichaelT162 Curious what % of stl revenue is generated by the residential population vs tax from business &amp; commercial real estate,,,,,0.3182,0,0.892,0.108
,2017-12-02T23:40:43,1,0,"@Britgrl3D Maybe they will get some fashion tips &amp; free perfume samples, That radical antifa look isn‚Äôt cutting it &amp; the stench of bullshit",,,,,-0.6486,0.27,0.627,0.103
,2017-12-02T23:05:58,0,0,"@ElOjo @stltoday fathers should be more present &amp; comitted to raising their sons, instead of being thugs themselves.",,,,,0,0,1,0
,2017-12-02T23:04:34,5,1,"Don‚Äôt blame the gun owners blame the thugs
Blame the parents for poorly upbringing thugs
Blame parole system for repeat offenders
Blame your neighbors for being silent about crime &amp; not reporting
Blame Bruce franks for his anti police hate 
#2a #stl #moleg https://t.co/ouV0pu2gI9",,,,,-0.9771,0.466,0.534,0
,2017-12-02T22:51:08,0,0,"@stltoday @brucefranksjr Focus on the root cause of the young men stealing these guns &amp; causing the public to feel the need to arm themselves.  Conflict resolution for personal disputes, family support, too many fatherless boys falling by the wayside.   We need to better our village to raise them better",,,,,-0.0516,0.158,0.703,0.139
,2017-12-02T22:42:04,0,2,RT @Sticknstones4: @SenatorNasheed @brucefranksjr How about some harsher sentencing for stupid idiots that steal guns &amp; commit lethal crime‚Ä¶,,,,,-0.8481,0.413,0.507,0.08
,2017-12-02T22:34:12,0,1,RT @Golfnut662: #STLverdict What I have been saying all along ! Matthew Lieberman (Democratic Fund Raiser) Racist!!!!!! Now its time for al‚Ä¶,,,,,0,0,1,0
,2017-12-02T22:33:04,0,0,@FritzCarltonSTL @SpeakerTimJones Paid protesters got cash will travel like flies on üí©,,,,,0.1531,0.142,0.672,0.187
,2017-12-02T02:18:41,6,0,Fact: Bruce only goes to funerals of degenerate thugs like Isaiah Hammett &amp; parade around his thug house harboring drugged out mother.   Jaz didn‚Äôt meet his narrative of anti police &amp; Bruce couldn‚Äôt be the star. Take note &amp; don‚Äôt vote for him very sorry for your loss #stlverdict https://t.co/leXgWgPJJ1,,,,,-0.6478,0.156,0.799,0.044
,2017-12-02T02:10:08,0,0,@mr_futureCEO I‚Äôm so sorry for your family‚Äôs loss. üôèüèª,,,,,-0.4663,0.366,0.634,0
,2017-12-02T02:03:55,0,0,@Mitzi77 Paid protestors sure do,,,,,0.3182,0,0.635,0.365
,2017-12-02T01:59:11,0,0,"@shellgame57 @SpeakerTimJones This is liberal hillarious  learn their names, wtf for they cover their faces with thug vigilante bandanas.  A protest isn‚Äôt Cheers where everybody wants to know you name",,,,,-0.4019,0.166,0.745,0.089
,2017-12-01T23:27:03,2,0,@Mayhem_Now_Deux @brucefranksjr @SpeakerTimJones @jallman971 Lashelle is one hot kettle of crazy,,,,,-0.34,0.194,0.806,0
,2017-12-01T23:24:40,0,0,@soylentgs  https://t.co/JboJRim4JP,,,,,0,0,1,0
,2017-12-01T23:21:53,1,0,"@SpeakerTimJones Come out to where, protesters are like roaches they keep scattering out of the city where all their issues are.  Tell Bruce to tend to the flock and not stray out of the 78",,,,,0.1531,0.051,0.882,0.067
,2017-12-01T23:19:03,0,0,@2020VisionChick @SpeakerTimJones I call BS a cute white girl like you would be eaten alive marching in the streets of St. Louis.  Be safe girl don‚Äôt be thug candy,,,,,0.875,0,0.676,0.324
,2017-12-01T22:41:37,1,0,@shellgame57 @SpeakerTimJones Protesters don‚Äôt talk they shout at the top of their lungs üó£üó£üó£,,,,,-0.0258,0.121,0.764,0.115
,2017-12-01T15:24:33,0,0,@CinolauroMarie @RebZtv @BLMLA @DocMellyMel Yet they floral to malls to protest,,,,,-0.25,0.167,0.833,0
,2017-12-01T14:38:22,0,0,@Mayhem_Now_Deux @jallman971 @AllmanReport @971FMTalk Sometimes they put up fake events in an effort to shut down without showing up or to try &amp; dupe the police,,,,,-0.6808,0.189,0.811,0
,2017-12-01T14:25:32,2,0,"@NickBSchroer @Sticknstones4 @brucefranksjr @SpeakerTimJones @jallman971 Nick writes Bills and Bruce writes battle raps 
Wonder who does Bruce‚Äôs homework for him",,,,,-0.3818,0.12,0.88,0
,2017-12-01T14:23:12,0,1,RT @Sticknstones4: @brucefranksjr @SpeakerTimJones @jallman971 Bruce you‚Äôre the shit disturber buddy!   You‚Äôve done NOTHING but spew it &amp; s‚Ä¶,,,,,0.6476,0,0.763,0.237
,2017-12-01T13:05:46,0,0,@sassywindsor @CvCraver1 @cnnbrk @ABCPolitics @HuffPost @NBCNews @NBCPolitics @nytimes @washingtonpost @WashTimes @AnnCoulter @seanhannity @foxandfriends Ship all their illegal asses back to their homeland it ain‚Äôt up in here #maga,,,,,-0.5574,0.118,0.882,0
,2017-12-01T13:04:16,2,0,"@MLamboleyHawley @LydaKrewson Bruce Franks should keep his protests within his district
Play in bounds man
Warning: the shit show is traveling out of bounds this weekend. Chesterfield, ladue, Frontenac
  #paidprotesters #racebaiters #mstlga #stlverdict #blacklivesmatter #homcidecity #agitators #publicitystunt https://t.co/CHf8ffvDhO",,,,,0.4767,0.096,0.761,0.143
,2017-12-01T03:56:31,3,0,"@velvethammer @ForwardSTL Instead of making #blacklivesmatter Make black lives better. Invest your time in the children, help a single mom babysit, rake leaves, organize a hot cocoa bar &amp; let kids decorate cookies, make sure kids have warm coats , socks, hats &amp; gloves.",,,,,0.8316,0,0.791,0.209
,2017-12-01T03:50:34,1,1,"@Mayhem_Now_Deux @velvethammer @ClipTheVideo @Ms_Workes The agenda 
https://t.co/RAoGL0VlNs",,,,,0,0,1,0
,2017-12-01T03:16:00,2,1,"@Mayhem_Now_Deux @velvethammer @ClipTheVideo @Ms_Workes It‚Äôs white people weekend 
Plaza frontenac ladue schnuks
And chesterfield is getting a black lives matter vigil",,,,,0.0258,0,0.945,0.055
,2017-12-01T03:06:59,4,0,"@ForwardSTL Why don‚Äôt you all read a book to a St. Louis city child, help them do homework , bring them a holiday gift, make cookies, dress like Santa, spread some holiday cheer instead of chanting your stupid bullshit in chesterfield  #leavewhitepeoplealone #stlverdict",,,,,0.8225,0.131,0.564,0.305
,2017-12-01T03:04:47,0,0,@MLamboleyHawley @LydaKrewson Lyda krewson has zero jurisdiction of county police,,,,,0,0,1,0
,2017-12-01T03:03:27,0,0,@BJGolfWang3 Stockley is still innocent &amp; Donald is yo president,,,,,0.34,0,0.789,0.211
,2017-12-01T03:02:01,0,0,"@JenEnnenbach Ya‚Äôll are really venturing west  
What is it protest white peoples weekend ?",,,,,-0.25,0.143,0.857,0
,2017-12-01T02:50:10,0,0,@kodacohen Well now we should give him a full pardon,,,,,0.5267,0,0.614,0.386
,2017-11-30T06:25:03,0,0,@Missourinet @brucefranksjr @alisagbrnelson His Mama taught him to speak his mind but he raps about dismembering snitch‚Äôs. Now victims wont speak up after being shot. 3 person Shooting on franks street 1 dead 2 injured while he was getting himself arrested.  zip ties being too tight isn‚Äôt news it‚Äôs whinny publicity,,,,,-0.9559,0.274,0.726,0
,2017-11-30T06:17:55,0,0,"@blackwidow07 @brucefranksjr Yeah people did get hurt, 3 people shot on Iowa Avenue 
1 killed 2 injured",,,,,-0.8555,0.465,0.439,0.096
,2017-11-30T06:14:51,0,0,"@brucefranksjr @NickBSchroer HELL NO legislators that get arrested shutting down malls and homocides in his district happening daily 
Shut down Crime",,,,,-0.942,0.467,0.533,0
,2017-11-30T06:10:56,0,0,@brucefranksjr Yo Bruce you never tweet anger emojis over thugs shooting up people But when @scottfaughn tweets his like for Trump you retweet it. You should be thanking him for allowing you on his show to spew your bs vitriol,,,,,0.6703,0,0.874,0.126
,2017-11-30T02:07:04,1,0,@hilliard52012 @KMOV How many times did obama visit Ferguson,,,,,0,0,1,0
,2017-11-29T23:12:45,4,0,@KWRose #blacklivesmatter should be happy that Trump came to #stl    Let it be noted how many times Obama came to Ferguson,,,,,0.5719,0,0.844,0.156
,2017-11-29T19:07:55,3,0,"@velvethammer @Mayhem_Now @brucefranksjr How dramatic a bullet stopped you from attending college 
Show some support to the 190 people a bullet stopped their lives.  Your breathing man their not",,,,,-0.0258,0.125,0.787,0.089
,2017-11-29T05:46:49,0,0,@FOX2now Avoid protesters,,,,,-0.4767,0.804,0.196,0
,2017-11-29T05:41:33,0,0,"@AlyRieserLynch @MaxLondberg @brucefranksjr @manoora_6 The only changes are the growing numbers in crime
Closing down malls &amp; highways is not changing anything. He hasn‚Äôt shown any passion for the 190 homocide victims",,,,,-0.2732,0.151,0.727,0.122
,2017-11-29T05:20:16,2,1,"@JudithL91399721 @brucefranksjr Stop what asking a question of an elected official 
Of their claimed credentials.   Courage is a police officer patrolling Stl streets not a dude with a megaphone shutting down a mall #stlverdict",,,,,0.25,0.068,0.833,0.099
,2017-11-29T00:35:32,1,1,"@lad1121 @Norasmith1000 @velvethammer @MaxLondberg @brucefranksjr @manoora_6 Action was alive &amp; well 
Today in Stl Louis 
Thug pulls automatic weapon on police

https://t.co/34Envepkqt",,,,,0.3612,0.085,0.734,0.181
,2017-11-29T00:27:16,1,1,@brucefranksjr yes there is a difference between just attending &amp; finishing,,,,,0.4019,0,0.769,0.231
,2017-11-29T00:15:20,1,0,@Norasmith1000 @velvethammer @lad1121 @MaxLondberg @brucefranksjr @manoora_6 So have we confirmed that there is NO DIPLOMA,,,,,-0.4466,0.173,0.827,0
,2017-11-29T00:13:22,0,0,@lad1121 @velvethammer @MaxLondberg @brucefranksjr @manoora_6 Laurie My Tzedakah is pretty deep,,,,,0.4939,0,0.758,0.242
,2017-11-28T12:40:08,1,0,"@lad1121 @MaxLondberg @brucefranksjr @manoora_6 He‚Äôs not fixing Stl at all he‚Äôs making it worse than ever
So that means he‚Äôs attended college, but no college degree?",,,,,-0.5927,0.168,0.832,0
,2017-11-28T12:38:19,1,2,"@velvethammer @lad1121 @MaxLondberg @brucefranksjr @manoora_6 From this past weekends violence read that 2 shooting victims were uncooperative with police.  That dismembering snitches culture is alive &amp; well 
But hey he got himself arrested shutting down a mall in his publicity in his stunt 

https://t.co/6DvM1BGcAR",,,,,-0.7003,0.186,0.723,0.092
,2017-11-28T02:46:06,0,0,@lad1121 @MaxLondberg @brucefranksjr @manoora_6 That‚Äôs not racist that‚Äôs a fair question.  He says he College educated.  So what is the degree in and where is it from ?,,,,,0.3089,0.067,0.822,0.11
,2017-11-28T02:00:46,0,0,"@jefrainstl @ksdknews @EricGreitens Majority of the guns used in these crimes are illegal
Stlouis has had 5 gun stores burglarized this month
We need stricter prison &amp; parole to omit career criminals",,,,,-0.9186,0.325,0.675,0
,2017-11-28T01:57:40,0,1250,"RT @chuckwoolery: Denzel Washington: Don‚Äôt ‚Äòblame the system‚Äô for black incarceration, ‚Äòit starts at home‚Äô https://t.co/ODBA4dx4sp https://‚Ä¶",,,,,0,0,1,0
,2017-11-27T18:07:43,2,0,"@971FMTalk @jallman971 Protest within the city limits not in the county
County residents have zero vote in your protests",,,,,-0.4404,0.187,0.813,0
,2017-11-27T18:06:23,1,0,"@971FMTalk @jallman971 It‚Äôs fine the protesters choose to boycott , but closing down the mall because others are not boycotting is just not right",,,,,0.293,0.117,0.72,0.162
,2017-11-27T18:03:39,0,3,"RT @971FMTalk: @jallman971: One dead, 8 injured in 15 hours of shooting in St. Louis and these folks are at the mall. Safer at the mall tha‚Ä¶",,,,,-0.6369,0.213,0.701,0.085
,2017-11-27T18:01:02,3,0,@AllmanReport My president,,,,,0,0,1,0
,2017-11-27T02:33:31,0,0,@Drakenstein_LA @brucefranksjr @drjasalaam @stlred05 @RMFinalCall If someone came into your office and yelled at the top of their lungs what would you do,,,,,0.2023,0,0.924,0.076
,2017-11-27T00:55:17,0,1,"RT @velvethammer: @Ms_Workes What about 'private property' do you radical trifling fools not understand?
#StlVerdict",,,,,-0.4939,0.186,0.814,0
,2017-11-27T00:53:46,0,0,@ClipTheVideo That‚Äôs it 2 people,,,,,0,0,1,0
,2017-11-26T22:32:17,1,0,@MaxLondberg @brucefranksjr @manoora_6 Use this picture instead and find out where his college degree is from ? C‚Äômon Bruce show us the diploma https://t.co/fKl2xKbGua,,,,,0,0,1,0
,2017-11-26T22:30:43,0,1,"RT @SecondContArmy: @drjasalaam @stlred05 @brucefranksjr @RMFinalCall Blacks come onto private property, ""protesting"" (aka, harassing peopl‚Ä¶",,,,,-0.5423,0.2,0.8,0
,2017-11-26T22:30:24,2,0,@Drakenstein_LA @drjasalaam @stlred05 @brucefranksjr @RMFinalCall Galleria mall is Private property,,,,,0,0,1,0
,2017-11-26T22:29:57,2,0,@karlinwentz @drjasalaam @stlred05 @brucefranksjr @RMFinalCall @UniNoticias Why this isn‚Äôt news .. they fake stuff,,,,,-0.4767,0.193,0.807,0
,2017-11-26T22:27:27,0,0,@Funders4Justice Bandana dude is a paid protester agitator for hire,,,,,-0.34,0.231,0.769,0
,2017-11-26T22:25:55,3,0,@xshularx That‚Äôs the only picture?  Looks like no reason to close,,,,,0.0772,0.161,0.657,0.182
,2017-11-26T22:24:19,0,0,"@brucefranksjr Speaking of research what is your college degree in ?
Where did you go &amp; what did you major in https://t.co/kLGw94NFDL",,,,,0,0,1,0
,2017-11-26T21:14:29,0,0,@AkesAndPain Great job St. Louis #190,,,,,0.6249,0,0.549,0.451
,2017-11-26T01:39:31,2,0,@TheBern2020 @kodacohen @brucefranksjr Bernie today #stl hit #190 in homocides &amp; the night is still young.   Worry about lives lost not mall shutdowns for publicity stunts for political reflections,,,,,-0.6369,0.161,0.839,0
,2017-11-25T16:23:02,0,0,@73_Carondelet How much did you scam in bail support donations,,,,,-0.25,0.257,0.556,0.188
,2017-11-25T02:28:49,0,0,@MarkBielicke @KMOV Shoppers lives matter,,,,,0.0258,0,0.784,0.216
,2017-11-25T02:27:23,2,0,@Justin_EAndrews @KMOV @brucefranksjr Protesting on private property has nothing to do with Black lives matter  let folks shop in peace,,,,,0.2023,0.115,0.697,0.189
,2017-11-24T21:41:24,1,0,@mattfredstl The protest is dumbAf,,,,,-0.25,0.333,0.667,0
,2017-11-24T21:14:38,2,0,@TomStasiak @ksdknews Open back up  don‚Äôt let the protesters win,,,,,0.4404,0.139,0.584,0.277
,2017-11-20T02:02:37,0,0,"@ksdknews Lavar ball is a wannabe reality tv Ho‚Äô he‚Äôs desperate for any attention Don‚Äôt give it to him and his thugs in training 
He should be grateful AF he‚Äôs not crying the way Otto warmbiers parents are",,,,,0.503,0.055,0.812,0.133
